Year,Scenario,stage,meat_share,Scenario_ag,Scenario_mapped,New_demand,production
2010,Very_High,land,0.949257070385715,AgS1,Very_High,2963652.209562074,2813267.8140910454
2010,Very_High,short,0.007509943683019429,AgS1,Very_High,2963652.209562074,22256.86118986727
2010,Very_High,mid,0.03466602078071044,AgS1,Very_High,2963652.209562074,102738.02908347726
2010,Very_High,long,0.008566965150555085,AgS1,Very_High,2963652.209562074,25389.505197683862
2011,Very_High,land,0.9515253190468869,AgS1,Very_High,3534503.810688216,3363169.866137542
2011,Very_High,short,0.007174243323699049,AgS1,Very_High,3534503.810688216,25357.39036641878
2011,Very_High,mid,0.03311642252491988,AgS1,Very_High,3534503.810688216,117050.12161069037
2011,Very_High,long,0.008184015104494256,AgS1,Very_High,3534503.810688216,28926.432573564867
2012,Very_High,land,0.9515079688505325,AgS1,Very_High,3303970.192619973,3143753.967122533
2012,Very_High,short,0.007176811149374486,AgS1,Very_High,3303970.192619973,23711.97011559599
2012,Very_High,mid,0.03312827564952149,AgS1,Very_High,3303970.192619973,109454.83527891707
2012,Very_High,long,0.008186944350571547,AgS1,Very_High,3303970.192619973,27049.420102926873
2013,Very_High,land,0.9494438469511975,AgS1,Very_High,3281713.381758085,3115802.5777676203
2013,Very_High,short,0.007482300787767943,AgS1,Very_High,3281713.381758085,24554.76662155712
2013,Very_High,mid,0.03453842073180544,AgS1,Very_High,3281713.381758085,113345.1975003568
2013,Very_High,long,0.008535431529229082,AgS1,Very_High,3281713.381758085,28010.839868550953
2014,Very_High,land,0.9442841885847204,AgS1,Very_High,3428815.078522691,3237775.8642298537
2014,Very_High,short,0.00824592921936237,AgS1,Very_High,3428815.078522691,28273.766443780536
2014,Very_High,mid,0.03806334184915668,AgS1,Very_High,3428815.078522691,130512.16047135221
2014,Very_High,long,0.009406540346760485,AgS1,Very_High,3428815.078522691,32253.28737770441
2015,Very_High,land,0.9363844369068717,AgS1,Very_High,3772809.7679848713,3532800.350151259
2015,Very_High,short,0.009415090926450348,AgS1,Very_High,3772809.7679848713,35521.3470137776
2015,Very_High,mid,0.04346021108608114,AgS1,Very_High,3772809.7679848713,163967.10890425133
2015,Very_High,long,0.010740261080596818,AgS1,Very_High,3772809.7679848713,40520.96191558342
2016,Very_High,land,0.9404237525728788,AgS1,Very_High,3861981.859286938,3631899.472479006
2016,Very_High,short,0.008817272995947737,AgS1,Very_High,3861981.859286938,34052.14835873075
2016,Very_High,mid,0.040700673907560964,AgS1,Very_High,3861981.859286938,157185.26429175364
2016,Very_High,long,0.010058300523612495,AgS1,Very_High,3861981.859286938,38844.97415744776
2017,Very_High,land,0.9347298848318603,AgS1,Very_High,3936188.966217136,3679273.459068583
2017,Very_High,short,0.009659964310750587,AgS1,Very_High,3936188.966217136,38023.44493402778
2017,Very_High,mid,0.04459055056492288,AgS1,Very_High,3936188.966217136,175516.8331311967
2017,Very_High,long,0.011019600292466273,AgS1,Very_High,3936188.966217136,43375.229083328864
2018,Very_High,land,0.9308832248597189,AgS1,Very_High,4001972.814585742,3725369.3594425013
2018,Very_High,short,0.010229269236148012,AgS1,Very_High,4001972.814585742,40937.2573961426
2018,Very_High,mid,0.04721847125346434,AgS1,Very_High,4001972.814585742,188967.03830266264
2018,Very_High,long,0.011669034650668833,AgS1,Very_High,4001972.814585742,46699.1594444357
2019,Very_High,land,0.9227944144453635,AgS1,Very_High,4079900.2832400175,3764909.1928679445
2019,Very_High,short,0.011426411599353778,AgS1,Very_High,4079900.2832400175,46618.6199206205
2019,Very_High,mid,0.05274449964888293,AgS1,Very_High,4079900.2832400175,215192.29905683047
2019,Very_High,long,0.013034674306399712,AgS1,Very_High,4079900.2832400175,53180.17139462157
2020,Very_High,land,0.9272929947751243,AgS1,Very_High,4138996.816476336,3838062.7533150474
2020,Very_High,short,0.010760622588217717,AgS1,Very_High,4138996.816476336,44538.182635936486
2020,Very_High,mid,0.0496712068693648,AgS1,Very_High,4138996.816476336,205588.96710283842
2020,Very_High,long,0.012275175767293235,AgS1,Very_High,4138996.816476336,50806.91342251417
2021,Very_High,land,0.925064058127411,AgS1,Very_High,4193812.6421372793,3879545.3417615513
2021,Very_High,short,0.011090504777215982,AgS1,Very_High,4193812.6421372793,46511.499142372275
2021,Very_High,mid,0.0511939483574078,AgS1,Very_High,4193812.6421372793,214697.82782221984
2021,Very_High,long,0.012651488737965302,AgS1,Very_High,4193812.6421372793,53057.9734111363
2022,Very_High,land,0.9223769625517688,AgS1,Very_High,4246190.600634018,3916588.3886286765
2022,Very_High,short,0.011488194398161353,AgS1,Very_High,4246190.600634018,48781.06307172911
2022,Very_High,mid,0.05302969004148155,AgS1,Very_High,4246190.600634018,225174.17140867436
2022,Very_High,long,0.013105153008588256,AgS1,Very_High,4246190.600634018,55646.97752493808
2023,Very_High,land,0.9210704725273349,AgS1,Very_High,4296542.201389957,3957418.1556678833
2023,Very_High,short,0.01168155466688269,AgS1,Very_High,4296542.201389957,50190.29260410528
2023,Very_High,mid,0.05392224415061739,AgS1,Very_High,4296542.201389957,231679.19758678038
2023,Very_High,long,0.013325728655165096,AgS1,Very_High,4296542.201389957,57254.55553118828
2024,Very_High,land,0.9119036747948311,AgS1,Very_High,4345177.694801823,3962383.5075263157
2024,Very_High,short,0.013038238942860172,AgS1,Very_High,4345177.694801823,56653.46503401252
2024,Very_High,mid,0.060184720580399274,AgS1,Very_High,4345177.694801823,261513.30543383118
2024,Very_High,long,0.014873365681909376,AgS1,Very_High,4345177.694801823,64627.41680766353
2025,Very_High,land,0.9063997245744555,AgS1,Very_High,4392339.423920538,3981215.2440790986
2025,Very_High,short,0.013852822501660617,AgS1,Very_High,4392339.423920538,60846.29840661746
2025,Very_High,mid,0.0639448513841562,AgS1,Very_High,4392339.423920538,280867.4916913691
2025,Very_High,long,0.015802601539727786,AgS1,Very_High,4392339.423920538,69410.38974345375
2026,Very_High,land,0.9028181315482843,AgS1,Very_High,4436479.576271325,4005334.2017014017
2026,Very_High,short,0.01438289757076873,AgS1,Very_High,4436479.576271325,63809.431320317926
2026,Very_High,mid,0.06639168642535459,AgS1,Very_High,4436479.576271325,294545.3608602958
2026,Very_High,long,0.016407284455592405,AgS1,Very_High,4436479.576271325,72790.5823893097
2027,Very_High,land,0.8986912160986067,AgS1,Very_High,4479488.986590878,4025677.4048596714
2027,Very_High,short,0.014993680252163947,AgS1,Very_High,4479488.986590878,67164.02555803354
2027,Very_High,mid,0.06921106910243369,AgS1,Very_High,4479488.986590878,310030.2217945319
2027,Very_High,long,0.017104034546795707,AgS1,Very_High,4479488.986590878,76617.33437864127
2028,Very_High,land,0.8942198172352015,AgS1,Very_High,4521500.182155356,4043215.0665158927
2028,Very_High,short,0.015655446411582473,AgS1,Very_High,4521500.182155356,70786.10380169356
2028,Very_High,mid,0.07226579233374696,AgS1,Very_High,4521500.182155356,326749.79320063797
2028,Very_High,long,0.017858944019469115,AgS1,Very_High,4521500.182155356,80749.21863713191
2029,Very_High,land,0.8896015637822382,AgS1,Very_High,4562624.951401079,4058918.2917182585
2029,Very_High,short,0.01633894702160441,AgS1,Very_High,4562624.951401079,74548.48736039262
2029,Very_High,mid,0.07542084213847759,AgS1,Very_High,4562624.951401079,344117.01619669975
2029,Very_High,long,0.018638647057679755,AgS1,Very_High,4562624.951401079,85041.15612572795
2030,Very_High,land,0.8849669027725438,AgS1,Very_High,4602958.56591694,4073465.985669864
2030,Very_High,short,0.01702487594682146,AgS1,Very_High,4602958.56591694,78364.7985730951
2030,Very_High,mid,0.07858710108518975,AgS1,Very_High,4602958.56591694,361733.1701106546
2030,Very_High,long,0.019421120195444962,AgS1,Very_High,4602958.56591694,89394.61156332586
2031,Very_High,land,0.8803925730435013,AgS1,Very_High,4641178.226944086,4086058.841172779
2031,Very_High,short,0.017701875854272617,AgS1,Very_High,4641178.226944086,82157.56079091731
2031,Very_High,mid,0.08171214354233969,AgS1,Very_High,4641178.226944086,379240.62148563674
2031,Very_High,long,0.020193407559886443,AgS1,Very_High,4641178.226944086,93721.20349475306
2032,Very_High,land,0.8759219726616199,AgS1,Very_High,4678753.365182905,4098222.8772282028
2032,Very_High,short,0.0183635238385814,AgS1,Very_High,4678753.365182905,85918.39895637923
2032,Very_High,mid,0.08476632127544642,AgS1,Very_High,4678753.365182905,396600.71092167025
2032,Very_High,long,0.02094818222435229,AgS1,Very_High,4678753.365182905,98011.378076653
2033,Very_High,land,0.871578730901136,AgS1,Very_High,4715745.197928966,4110143.2148640547
2033,Very_High,short,0.019006322771770903,AgS1,Very_High,4715745.197928966,89628.97534126659
2033,Very_High,mid,0.087733491485544,AgS1,Very_High,4715745.197928966,413728.79117049597
2033,Very_High,long,0.021681454841549118,AgS1,Very_High,4715745.197928966,102244.21655314899
2034,Very_High,land,0.8673746557157033,AgS1,Very_High,4752207.157705533,4121944.0473045376
2034,Very_High,short,0.01962852507900407,AgS1,Very_High,4752207.157705533,93278.81737564571
2034,Very_High,mid,0.0906055873390883,AgS1,Very_High,4752207.157705533,430576.52068092924
2034,Very_High,long,0.022391231866204307,AgS1,Very_High,4752207.157705533,106407.77234442033
2035,Very_High,land,0.8633143479392055,AgS1,Very_High,4788186.068008304,4133709.733114177
2035,Very_High,short,0.02022944983776379,AgS1,Very_High,4788186.068008304,96862.3698766534
2035,Very_High,mid,0.09337946568679277,AgS1,Very_High,4788186.068008304,447118.25663956057
2035,Very_High,long,0.023076736536238047,AgS1,Very_High,4788186.068008304,110495.70837791322
2036,Very_High,land,0.8593979473429005,AgS1,Very_High,4822801.358672072,4144705.5880853306
2036,Very_High,short,0.020809076361931078,AgS1,Very_High,4822801.358672072,100358.0417510321
2036,Very_High,mid,0.09605503104119974,AgS1,Very_High,4822801.358672072,463254.33421278617
2036,Very_High,long,0.023737945253968683,AgS1,Very_High,4822801.358672072,114483.39462292343
2037,Very_High,land,0.8556228197088667,AgS1,Very_High,4857008.04961085,4155766.922756699
2037,Very_High,short,0.021367794515244468,AgS1,Very_High,4857008.04961085,103783.54996297296
2037,Very_High,mid,0.09863408301959418,AgS1,Very_High,4857008.04961085,479066.5351921538
2037,Very_High,long,0.024375302756294695,AgS1,Very_High,4857008.04961085,118391.04169902488
2038,Very_High,land,0.8519846244777116,AgS1,Very_High,4890838.007050085,4166918.782817886
2038,Very_High,short,0.021906246699647167,AgS1,Very_High,4890838.007050085,107139.90395044985
2038,Very_High,mid,0.10111958695967407,AgS1,Very_High,4890838.007050085,494559.5191595801
2038,Very_High,long,0.02498954186296713,AgS1,Very_High,4890838.007050085,122219.80112216882
2039,Very_High,land,0.8484780069420481,AgS1,Very_High,4924319.489351171,4178176.7858705656
2039,Very_High,short,0.022425225410787807,AgS1,Very_High,4924319.489351171,110428.97454343551
2039,Very_High,mid,0.10351520103409471,AgS1,Very_High,4924319.489351171,509741.9218962971
2039,Very_High,long,0.025581566613069425,AgS1,Very_High,4924319.489351171,125971.807040873
2040,Very_High,land,0.8450970550240569,AgS1,Very_High,4957477.634818418,4189549.7495326716
2040,Very_High,short,0.02292560563503016,AgS1,Very_High,4957477.634818418,113653.17720032911
2040,Very_High,mid,0.10582496419397872,AgS1,Very_High,4957477.634818418,524624.8931971093
2040,Very_High,long,0.02615237514693417,AgS1,Very_High,4957477.634818418,129649.8148883072
2041,Very_High,land,0.841835603972076,AgS1,Very_High,4989585.213012285,4200410.481366336
2041,Very_High,short,0.023408299754417498,AgS1,Very_High,4989585.213012285,116797.70631640064
2041,Very_High,mid,0.10805308800950654,AgS1,Very_High,4989585.213012285,539140.0901525489
2041,Very_High,long,0.026703008263999923,AgS1,Very_High,4989585.213012285,133236.93517699884
2042,Very_High,land,0.8386874403157032,AgS1,Very_High,5021409.720615832,4211393.265359683
2042,Very_High,short,0.023874227361357095,AgS1,Very_High,5021409.720615832,119882.27734451098
2042,Very_High,mid,0.11020381733401471,AgS1,Very_High,5021409.720615832,553378.519609993
2042,Very_High,long,0.02723451498892495,AgS1,Very_High,5021409.720615832,136755.65830164534
2043,Very_High,land,0.8356464377209936,AgS1,Very_High,5052968.957632378,4222495.5093602585
2043,Very_High,short,0.024324295152077572,AgS1,Very_High,5052968.957632378,122909.90831973571
2043,Very_High,mid,0.11228133749187179,AgS1,Very_High,5052968.957632378,567354.1128678726
2043,Very_High,long,0.027747929635057074,AgS1,Very_High,5052968.957632378,140209.4270845109
2044,Very_High,land,0.8327066460845025,AgS1,Very_High,5084278.95408247,4233712.875612036
2044,Very_High,short,0.02475938374072784,AgS1,Very_High,5084278.95408247,125883.61366903427
2044,Very_High,mid,0.11428971341214715,AgS1,Very_High,5084278.95408247,581080.7845694968
2044,Very_High,long,0.028244256762622492,AgS1,Very_High,5084278.95408247,143601.680231903
2045,Very_High,land,0.8298623481544473,AgS1,Very_High,5115354.201314694,4245039.849144729
2045,Very_High,short,0.02518033927945634,AgS1,Very_High,5115354.201314694,128806.3543236964
2045,Very_High,mid,0.11623285094676182,AgS1,Very_High,5115354.201314694,594572.2024213027
2045,Very_High,long,0.02872446161933458,AgS1,Very_High,5115354.201314694,146935.79542496582
2046,Very_High,land,0.8271080934422639,AgS1,Very_High,5145402.232152637,4255803.830229336
2046,Very_High,short,0.02558796843950715,AgS1,Very_High,5145402.232152637,131660.38992489132
2046,Very_High,mid,0.11811447370314758,AgS1,Very_High,5145402.232152637,607746.4766417096
2046,Very_High,long,0.029189464415081412,AgS1,Very_High,5145402.232152637,150191.53535669987
2047,Very_High,land,0.8244387162089805,AgS1,Very_High,5175238.341112549,4266666.854022324
2047,Very_High,short,0.02598303574924026,AgS1,Very_High,5175238.341112549,134468.40282796623
2047,Very_High,mid,0.11993811075650578,AgS1,Very_High,5175238.341112549,620708.3093476722
2047,Very_High,long,0.02964013728527348,AgS1,Very_High,5175238.341112549,153394.77491458695
2048,Very_High,land,0.821849342305456,AgS1,Very_High,5204873.213891274,4277621.627619829
2048,Very_High,short,0.026366262581777634,AgS1,Very_High,5204873.213891274,137233.0538623182
2048,Very_High,mid,0.12170709197676507,AgS1,Very_High,5204873.213891274,633469.9829704661
2048,Very_High,long,0.030077303136001307,AgS1,Very_High,5204873.213891274,156548.54943866123
2049,Very_High,land,0.8193353882689703,AgS1,Very_High,5234316.646990416,4288660.862284627
2049,Very_High,short,0.026738327288707585,AgS1,Very_High,5234316.646990416,139956.8716399602
2049,Very_High,mid,0.12342454864576329,AgS1,Very_High,5234316.646990416,646043.1696237972
2049,Very_High,long,0.030501735796558738,AgS1,Very_High,5234316.646990416,159655.74344203086
2050,Very_High,land,0.8168925551177528,AgS1,Very_High,5263577.659671599,4299777.403469854
2050,Very_High,short,0.027099866118493493,AgS1,Very_High,5263577.659671599,142642.24988139365
2050,Very_High,mid,0.1250934176966365,AgS1,Very_High,5263577.659671599,658438.9187599838
2050,Very_High,long,0.030914161067117227,AgS1,Very_High,5263577.659671599,162719.08756036777
2010,High,land,0.949257070385715,AgS2,High,2963652.209562074,2813267.8140910454
2010,High,short,0.007509943683019429,AgS2,High,2963652.209562074,22256.86118986727
2010,High,mid,0.03466602078071044,AgS2,High,2963652.209562074,102738.02908347726
2010,High,long,0.008566965150555085,AgS2,High,2963652.209562074,25389.505197683862
2011,High,land,0.9515253190468869,AgS2,High,2782046.416148766,2647187.603729203
2011,High,short,0.007174243323699049,AgS2,High,2782046.416148766,19959.07792727615
2011,High,mid,0.03311642252491988,AgS2,High,2782046.416148766,92131.42460112162
2011,High,long,0.008184015104494256,AgS2,High,2782046.416148766,22768.309891165612
2012,High,land,0.9515079688505325,AgS2,High,2551512.798080537,2427784.7599977506
2012,High,short,0.007176811149374486,AgS2,High,2551512.798080537,18311.72549703609
2012,High,mid,0.03312827564952149,AgS2,High,2551512.798080537,84527.2192980939
2012,High,long,0.008186944350571547,AgS2,High,2551512.798080537,20889.093287656455
2013,High,land,0.9494438469511975,AgS2,High,2529255.987218636,2401386.5344292107
2013,High,short,0.007482300787767943,AgS2,High,2529255.987218636,18924.654065632785
2013,High,mid,0.03453842073180544,AgS2,High,2529255.987218636,87356.50742499519
2013,High,long,0.008535431529229082,AgS2,High,2529255.987218636,21588.291298797376
2014,High,land,0.9442841885847204,AgS2,High,2656436.426673675,2508430.9156884453
2014,High,short,0.00824592921936237,AgS2,High,2656436.426673675,21904.78675008702
2014,High,mid,0.03806334184915668,AgS2,High,2656436.426673675,101112.84780903233
2014,High,long,0.009406540346760485,AgS2,High,2656436.426673675,24987.87642611017
2015,High,land,0.9363844369068717,AgS2,High,2994721.147375098,2804210.2752779317
2015,High,short,0.009415090926450348,AgS2,High,2994721.147375098,28195.57190190026
2015,High,mid,0.04346021108608114,AgS2,High,2994721.147375098,130151.21320887287
2015,High,long,0.010740261080596818,AgS2,High,2994721.147375098,32164.086986393013
2016,High,land,0.9404237525728788,AgS2,High,2936786.529699625,2761823.8087656037
2016,High,short,0.008817272995947737,AgS2,High,2936786.529699625,25894.44856318357
2016,High,mid,0.040700673907560964,AgS2,High,2936786.529699625,119529.19088142204
2016,High,long,0.010058300523612495,AgS2,High,2936786.529699625,29539.081489415858
2017,High,land,0.9347298848318603,AgS2,High,2897332.90810521,2708223.6555127418
2017,High,short,0.009659964310750587,AgS2,High,2897332.90810521,27988.132488659536
2017,High,mid,0.04459055056492288,AgS2,High,2897332.90810521,129193.66954228042
2017,High,long,0.011019600292466273,AgS2,High,2897332.90810521,31927.450561528327
2018,High,land,0.9308832248597189,AgS2,High,2866820.715900283,2668675.313111903
2018,High,short,0.010229269236148012,AgS2,High,2866820.715900283,29325.480954710583
2018,High,mid,0.04721847125346434,AgS2,High,2866820.715900283,135366.89156257355
2018,High,long,0.011669034650668833,AgS2,High,2866820.715900283,33453.03027109563
2019,High,land,0.9227944144453635,AgS2,High,2858846.2792493063,2638127.37824917
2019,High,short,0.011426411599353778,AgS2,High,2858846.2792493063,32666.354285983663
2019,High,mid,0.05274449964888293,AgS2,High,2858846.2792493063,150788.4165720753
2019,High,long,0.013034674306399712,AgS2,High,2858846.2792493063,37264.13014207735
2020,High,land,0.9272929947751243,AgS2,High,2840297.3067742414,2633787.7956504063
2020,High,short,0.010760622588217717,AgS2,High,2840297.3067742414,30563.367356528848
2020,High,mid,0.0496712068693648,AgS2,High,2840297.3067742414,141080.99509528303
2020,High,long,0.012275175767293235,AgS2,High,2840297.3067742414,34865.14867202341
2021,High,land,0.925064058127411,AgS2,High,2823303.005121561,2611736.1352410656
2021,High,short,0.011090504777215982,AgS2,High,2823303.005121561,31311.855465828907
2021,High,mid,0.0511939483574078,AgS2,High,2823303.005121561,144536.02824150745
2021,High,long,0.012651488737965302,AgS2,High,2823303.005121561,35718.98617315902
2022,High,land,0.9223769625517688,AgS2,High,2808364.694960344,2590370.897075147
2022,High,short,0.011488194398161353,AgS2,High,2808364.694960344,32263.03955663754
2022,High,mid,0.05302969004148155,AgS2,High,2808364.694960344,148926.70929718693
2022,High,long,0.013105153008588256,AgS2,High,2808364.694960344,36804.0490313726
2023,High,land,0.9210704725273349,AgS2,High,2794985.7176947794,2574378.815704283
2023,High,short,0.01168155466688269,AgS2,High,2794985.7176947794,32649.778454407915
2023,High,mid,0.05392224415061739,AgS2,High,2794985.7176947794,150711.90226702645
2023,High,long,0.013325728655165096,AgS2,High,2794985.7176947794,37245.2212690625
2024,High,land,0.9119036747948311,AgS2,High,2790897.681515586,2545029.851750437
2024,High,short,0.013038238942860172,AgS2,High,2790897.681515586,36388.390836674684
2024,High,mid,0.060184720580399274,AgS2,High,2790897.681515586,167969.3971304997
2024,High,long,0.014873365681909376,AgS2,High,2790897.681515586,41510.04179797436
2025,High,land,0.9093647986862127,AgS2,High,2809364.7476403294,2554737.408174091
2025,High,short,0.01341399211160353,AgS2,High,2809364.7476403294,37684.79656346442
2025,High,mid,0.06191920324842878,AgS2,High,2809364.7476403294,173953.62680811237
2025,High,long,0.015302005953755025,AgS2,High,2809364.7476403294,42988.91609466181
2026,High,land,0.9061926457152036,AgS2,High,2825696.348081149,2560625.2496554456
2026,High,short,0.013883470132428999,AgS2,High,2825696.348081149,39230.47085189833
2026,High,mid,0.06408632134051534,AgS2,High,2825696.348081149,181088.48417384923
2026,High,long,0.015837562811852033,AgS2,High,2825696.348081149,44752.143399956105
2027,High,land,0.9027610455612447,AgS2,High,2841541.558291642,2565233.0281690913
2027,High,short,0.014391346285713168,AgS2,High,2841541.558291642,40893.608550620025
2027,High,mid,0.06643068582937095,AgS2,High,2841541.558291642,188765.55452997322
2027,High,long,0.016416922323671184,AgS2,High,2841541.558291642,46649.36704195746
2028,High,land,0.89918884857212,AgS2,High,2856903.2487842087,2568895.5427562217
2028,High,short,0.014920030743171558,AgS2,High,2856903.2487842087,42625.08430212709
2028,High,mid,0.06887110178483688,AgS2,High,2856903.2487842087,196758.0744364484
2028,High,long,0.01702001889987149,AgS2,High,2856903.2487842087,48624.547289411494
2029,High,land,0.895594517583121,AgS2,High,2871786.1031506467,2571955.8896531146
2029,High,short,0.015451991028293042,AgS2,High,2871786.1031506467,44374.81310106043
2029,High,mid,0.07132663901346223,AgS2,High,2871786.1031506467,204834.8507033036
2029,High,long,0.017626852375123705,AgS2,High,2871786.1031506467,50620.54969316823
2030,High,land,0.8920540407228186,AgS2,High,2886196.52476085,2574643.2722330727
2030,High,short,0.015975980912874315,AgS2,High,2886196.52476085,46109.82059038352
2030,High,mid,0.07374538474505116,AgS2,High,2886196.52476085,212843.67316831843
2030,High,long,0.018224593619255956,AgS2,High,2886196.52476085,52599.7587690753
2031,High,land,0.8886095265750739,AgS2,High,2898822.720829533,2575921.485581399
2031,High,short,0.016485768334719285,AgS2,High,2898822.720829533,47789.31981901632
2031,High,mid,0.07609857168031153,AgS2,High,2898822.720829533,220596.26860956193
2031,High,long,0.018806133409895405,AgS2,High,2898822.720829533,54515.64681955618
2032,High,land,0.8852823425844517,AgS2,High,2910992.530442805,2577050.2865962475
2032,High,short,0.016978190916201074,AgS2,High,2910992.530442805,49423.38693749321
2032,High,mid,0.0783716022332751,AgS2,High,2910992.530442805,228139.14869989848
2032,High,long,0.01936786426607205,AgS2,High,2910992.530442805,56379.70820916585
2033,High,land,0.8820818391342627,AgS2,High,2922716.2356449096,2578074.912405231
2033,High,short,0.017451864802414042,AgS2,High,2922716.2356449096,51006.84860029547
2033,High,mid,0.08055808850744868,AgS2,High,2922716.2356449096,235448.43319323985
2033,High,long,0.019908207555874583,AgS2,High,2922716.2356449096,58186.04144614331
2034,High,land,0.8790104196363334,AgS2,High,2934005.2833803506,2579021.2153593814
2034,High,short,0.01790643428887671,AgS2,High,2934005.2833803506,52537.57281006734
2034,High,mid,0.082656388565227,AgS2,High,2934005.2833803506,242514.2807555152
2034,High,long,0.020426757509562868,AgS2,High,2934005.2833803506,59932.214455386704
2035,High,land,0.876066450571576,AgS2,High,2944872.1248149574,2579903.6697738147
2035,High,short,0.018342141136095388,AgS2,High,2944872.1248149574,54015.26014110906
2035,High,mid,0.0846676183769941,AgS2,High,2944872.1248149574,249335.30923288057
2035,High,long,0.02092378991533451,AgS2,High,2944872.1248149574,61617.88566715292
2036,High,land,0.87324596609946,AgS2,High,2954470.5899954275,2579979.5246729986
2036,High,short,0.018759572287694867,AgS2,High,2954470.5899954275,55424.604604887725
2036,High,mid,0.08659448728395844,AgS2,High,2954470.5899954275,255840.86593618823
2036,High,long,0.02139997432888673,AgS2,High,2954470.5899954275,63225.59478135298
2037,High,land,0.8705436935995391,AgS2,High,2963673.707332843,2580007.4558053724
2037,High,short,0.019159508090472514,AgS2,High,2963673.707332843,56782.53037316427
2037,High,mid,0.08844059737948258,AgS2,High,2963673.707332843,262109.07311438245
2037,High,long,0.0218562009305059,AgS2,High,2963673.707332843,64774.64803992395
2038,High,land,0.8679536853561209,AgS2,High,2972495.632385419,2579988.538833898
2038,High,short,0.019542828805190364,AgS2,High,2972495.632385419,58090.97326788432
2038,High,mid,0.09021001196139636,AgS2,High,2972495.632385419,268148.8665526871
2038,High,long,0.02229347387729229,AgS2,High,2972495.632385419,66267.25373094977
2039,High,land,0.865469714118837,AgS2,High,2980950.905943806,2579922.728369474
2039,High,short,0.01991045606368809,AgS2,High,2980950.905943806,59352.09204080535
2039,High,mid,0.09190698529708907,AgS2,High,2980950.905943806,273970.2110839217
2039,High,long,0.02271284452038583,AgS2,High,2980950.905943806,67705.87444960495
2040,High,land,0.8630855226380924,AgS2,High,2989054.32152863,2579809.511290186
2040,High,short,0.020263315937684934,AgS2,High,2989054.32152863,60568.15207203711
2040,High,mid,0.09353579214850545,AgS2,High,2989054.32152863,279583.5637390939
2040,High,long,0.023115369275717258,AgS2,High,2989054.32152863,69093.09442731278
2041,High,land,0.8607949804569722,AgS2,High,2996126.5484425565,2579050.693713226
2041,High,short,0.020602315733608222,AgS2,High,2996126.5484425565,61727.14512885938
2041,High,mid,0.09510062065670122,AgS2,High,2996126.5484425565,284933.4943229071
2041,High,long,0.023502083152718328,AgS2,High,2996126.5484425565,70415.21527756393
2042,High,land,0.8585921805282558,AgS2,High,3002876.486263343,2578246.2701978707
2042,High,short,0.020928329693294192,AgS2,High,3002876.486263343,62845.18913276005
2042,High,mid,0.09660550633604781,AgS2,High,3002876.486263343,290094.40342008235
2042,High,long,0.023873983442402155,AgS2,High,3002876.486263343,71690.62351262981
2043,High,land,0.8564714961669454,AgS2,High,3009318.735700141,2577395.7200083206
2043,High,short,0.02124219056502474,AgS2,High,3009318.735700141,63924.52205464172
2043,High,mid,0.09805429316600293,AgS2,High,3009318.735700141,295076.6215402869
2043,High,long,0.024232020102026932,AgS2,High,3009318.735700141,72921.8720968921
2044,High,land,0.8544276115942407,AgS2,High,3015467.750466253,2576498.9078703388
2044,High,short,0.0215446850830252,AgS2,High,3015467.750466253,64967.30306181384
2044,High,mid,0.09945061272439924,AgS2,High,3015467.750466253,299890.11543453473
2044,High,long,0.024577090598334825,AgS2,High,3015467.750466253,74111.42409956602
2045,High,land,0.852455534829848,AgS2,High,3021337.770074166,2575556.1046901937
2045,High,short,0.02183655205940512,AgS2,High,3021337.770074166,65975.5995052715
2045,High,mid,0.1007978753798126,AgS2,High,3021337.770074166,304544.42802825663
2045,High,long,0.024910037730934274,AgS2,High,3021337.770074166,75261.6378504443
2046,High,land,0.8505505988218727,AgS2,High,3026201.30786838,2573937.3345629848
2046,High,short,0.022118482216934368,AgS2,High,3026201.30786838,66934.97981295029
2046,High,mid,0.10209926951965365,AgS2,High,3026201.30786838,308972.9429527821
2046,High,long,0.02523164944153934,AgS2,High,3026201.30786838,76356.05053966284
2047,High,land,0.8487084548309405,AgS2,High,3030813.101391108,2572276.7041630177
2047,High,short,0.02239111916819188,AgS2,High,3030813.101391108,67863.29732976551
2047,High,mid,0.10335776606993438,AgS2,High,3030813.101391108,313258.07153527444
2047,High,long,0.02554265993093327,AgS2,High,3030813.101391108,77415.02836305024
2048,High,land,0.8469250608362869,AgS2,High,3035186.1611272134,2570575.2241621213
2048,High,short,0.022655061131462227,AgS2,High,3035186.1611272134,68762.32802570518
2048,High,mid,0.10457612641587409,AgS2,High,3035186.1611272134,317408.01168175106
2048,High,long,0.025843751616376774,AgS2,High,3035186.1611272134,78440.59725763583
2049,High,land,0.8451966668834435,AgS2,High,3039333.1251165085,2568834.226896913
2049,High,short,0.022910863099275106,AgS2,High,3039333.1251165085,69633.7451426363
2049,High,mid,0.1057569124119127,AgS2,High,3039333.1251165085,321430.48710357153
2049,High,long,0.026135557605368596,AgS2,High,3039333.1251165085,79434.66597338747
2050,High,land,0.8435197987083921,AgS2,High,3043266.24079961,2567055.326855332
2050,High,short,0.023159039262027413,AgS2,High,3043266.24079961,70479.12235548074
2050,High,mid,0.10690249756918906,AgS2,High,3043266.24079961,325332.76190947543
2050,High,long,0.026418664460391324,AgS2,High,3043266.24079961,80399.02967932136
2010,Medium,land,0.949257070385715,AgS3,Medium,2963652.209562074,2813267.8140910454
2010,Medium,short,0.007509943683019429,AgS3,Medium,2963652.209562074,22256.86118986727
2010,Medium,mid,0.03466602078071044,AgS3,Medium,2963652.209562074,102738.02908347726
2010,Medium,long,0.008566965150555085,AgS3,Medium,2963652.209562074,25389.505197683862
2011,Medium,land,0.9515253190468869,AgS3,Medium,3534503.810688216,3363169.866137542
2011,Medium,short,0.007174243323699049,AgS3,Medium,3534503.810688216,25357.39036641878
2011,Medium,mid,0.03311642252491988,AgS3,Medium,3534503.810688216,117050.12161069037
2011,Medium,long,0.008184015104494256,AgS3,Medium,3534503.810688216,28926.432573564867
2012,Medium,land,0.9515079688505325,AgS3,Medium,3303970.192619973,3143753.967122533
2012,Medium,short,0.007176811149374486,AgS3,Medium,3303970.192619973,23711.97011559599
2012,Medium,mid,0.03312827564952149,AgS3,Medium,3303970.192619973,109454.83527891707
2012,Medium,long,0.008186944350571547,AgS3,Medium,3303970.192619973,27049.420102926873
2013,Medium,land,0.9494438469511975,AgS3,Medium,3281713.381758085,3115802.5777676203
2013,Medium,short,0.007482300787767943,AgS3,Medium,3281713.381758085,24554.76662155712
2013,Medium,mid,0.03453842073180544,AgS3,Medium,3281713.381758085,113345.1975003568
2013,Medium,long,0.008535431529229082,AgS3,Medium,3281713.381758085,28010.839868550953
2014,Medium,land,0.9442841885847204,AgS3,Medium,3428815.078522691,3237775.8642298537
2014,Medium,short,0.00824592921936237,AgS3,Medium,3428815.078522691,28273.766443780536
2014,Medium,mid,0.03806334184915668,AgS3,Medium,3428815.078522691,130512.16047135221
2014,Medium,long,0.009406540346760485,AgS3,Medium,3428815.078522691,32253.28737770441
2015,Medium,land,0.9363844369068717,AgS3,Medium,3772809.7679848713,3532800.350151259
2015,Medium,short,0.009415090926450348,AgS3,Medium,3772809.7679848713,35521.3470137776
2015,Medium,mid,0.04346021108608114,AgS3,Medium,3772809.7679848713,163967.10890425133
2015,Medium,long,0.010740261080596818,AgS3,Medium,3772809.7679848713,40520.96191558342
2016,Medium,land,0.9404237525728788,AgS3,Medium,3861981.859286938,3631899.472479006
2016,Medium,short,0.008817272995947737,AgS3,Medium,3861981.859286938,34052.14835873075
2016,Medium,mid,0.040700673907560964,AgS3,Medium,3861981.859286938,157185.26429175364
2016,Medium,long,0.010058300523612495,AgS3,Medium,3861981.859286938,38844.97415744776
2017,Medium,land,0.9347298848318603,AgS3,Medium,3936188.966217136,3679273.459068583
2017,Medium,short,0.009659964310750587,AgS3,Medium,3936188.966217136,38023.44493402778
2017,Medium,mid,0.04459055056492288,AgS3,Medium,3936188.966217136,175516.8331311967
2017,Medium,long,0.011019600292466273,AgS3,Medium,3936188.966217136,43375.229083328864
2018,Medium,land,0.9308832248597189,AgS3,Medium,4001972.814585742,3725369.3594425013
2018,Medium,short,0.010229269236148012,AgS3,Medium,4001972.814585742,40937.2573961426
2018,Medium,mid,0.04721847125346434,AgS3,Medium,4001972.814585742,188967.03830266264
2018,Medium,long,0.011669034650668833,AgS3,Medium,4001972.814585742,46699.1594444357
2019,Medium,land,0.9227944144453635,AgS3,Medium,4079900.2832400175,3764909.1928679445
2019,Medium,short,0.011426411599353778,AgS3,Medium,4079900.2832400175,46618.6199206205
2019,Medium,mid,0.05274449964888293,AgS3,Medium,4079900.2832400175,215192.29905683047
2019,Medium,long,0.013034674306399712,AgS3,Medium,4079900.2832400175,53180.17139462157
2020,Medium,land,0.9272929947751243,AgS3,Medium,4138996.816476336,3838062.7533150474
2020,Medium,short,0.010760622588217717,AgS3,Medium,4138996.816476336,44538.182635936486
2020,Medium,mid,0.0496712068693648,AgS3,Medium,4138996.816476336,205588.96710283842
2020,Medium,long,0.012275175767293235,AgS3,Medium,4138996.816476336,50806.91342251417
2021,Medium,land,0.925064058127411,AgS3,Medium,4193812.6421372793,3879545.3417615513
2021,Medium,short,0.011090504777215982,AgS3,Medium,4193812.6421372793,46511.499142372275
2021,Medium,mid,0.0511939483574078,AgS3,Medium,4193812.6421372793,214697.82782221984
2021,Medium,long,0.012651488737965302,AgS3,Medium,4193812.6421372793,53057.9734111363
2022,Medium,land,0.9223769625517688,AgS3,Medium,4246190.600634018,3916588.3886286765
2022,Medium,short,0.011488194398161353,AgS3,Medium,4246190.600634018,48781.06307172911
2022,Medium,mid,0.05302969004148155,AgS3,Medium,4246190.600634018,225174.17140867436
2022,Medium,long,0.013105153008588256,AgS3,Medium,4246190.600634018,55646.97752493808
2023,Medium,land,0.9210704725273349,AgS3,Medium,4296542.201389957,3957418.1556678833
2023,Medium,short,0.01168155466688269,AgS3,Medium,4296542.201389957,50190.29260410528
2023,Medium,mid,0.05392224415061739,AgS3,Medium,4296542.201389957,231679.19758678038
2023,Medium,long,0.013325728655165096,AgS3,Medium,4296542.201389957,57254.55553118828
2024,Medium,land,0.9119036747948311,AgS3,Medium,4345177.694801823,3962383.5075263157
2024,Medium,short,0.013038238942860172,AgS3,Medium,4345177.694801823,56653.46503401252
2024,Medium,mid,0.060184720580399274,AgS3,Medium,4345177.694801823,261513.30543383118
2024,Medium,long,0.014873365681909376,AgS3,Medium,4345177.694801823,64627.41680766353
2025,Medium,land,0.9149888013094187,AgS3,Medium,4392339.423920538,4018941.384437156
2025,Medium,short,0.012581640820606315,AgS3,Medium,4392339.423920538,55262.83699395707
2025,Medium,mid,0.05807705630719374,AgS3,Medium,4392339.423920538,255094.14404334
2025,Medium,long,0.014352501562781254,AgS3,Medium,4392339.423920538,63041.05844608524
2026,Medium,land,0.9125969051225864,AgS3,Medium,4436479.576271325,4048717.530944775
2026,Medium,short,0.012935640989600945,AgS3,Medium,4436479.576271325,57388.707056342784
2026,Medium,mid,0.059711126778652826,AgS3,Medium,4436479.576271325,264907.19442964107
2026,Medium,long,0.014756327109159823,AgS3,Medium,4436479.576271325,65466.143840566445
2027,Medium,land,0.9104923767804904,AgS3,Medium,4479488.986590878,4078540.574163159
2027,Medium,short,0.013247110773639782,AgS3,Medium,4479488.986590878,59340.28681466877
2027,Medium,mid,0.06114887630938068,AgS3,Medium,4479488.986590878,273915.71797027864
2027,Medium,long,0.015111636136489148,AgS3,Medium,4479488.986590878,67692.40764277187
2028,Medium,land,0.908640221533404,AgS3,Medium,4521500.182155356,4108416.9271769687
2028,Medium,short,0.013521229388854932,AgS3,Medium,4521500.182155356,61136.24114467193
2028,Medium,mid,0.06241421224431106,AgS3,Medium,4521500.182155356,282205.8720317355
2028,Medium,long,0.015424336833429983,AgS3,Medium,4521500.182155356,69741.14180197923
2029,Medium,land,0.9070098111307382,AgS3,Medium,4562624.951401079,4138345.595430686
2029,Medium,short,0.013762529810358038,AgS3,Medium,4562624.951401079,62793.261907140746
2029,Medium,mid,0.0635280588694375,AgS3,Medium,4562624.951401079,289854.7065117722
2029,Medium,long,0.01569960018946626,AgS3,Medium,4562624.951401079,71631.38755147987
2030,Medium,land,0.90557431566395,AgS3,Medium,4602958.56591694,4168321.0533597493
2030,Medium,short,0.013974982859378973,AgS3,Medium,4602958.56591694,64326.26706112085
2030,Medium,mid,0.06450874555939734,AgS3,Medium,4602958.56591694,296931.08294918435
2030,Medium,long,0.01594195591727376,AgS3,Medium,4602958.56591694,73380.1625468855
2031,Medium,land,0.904310214455116,AgS3,Medium,4641178.226944086,4197064.877732221
2031,Medium,short,0.014162069591661525,AgS3,Medium,4641178.226944086,65728.6890372864
2031,Medium,mid,0.06537234092346997,AgS3,Medium,4641178.226944086,303404.6853383747
2031,Medium,long,0.016155375029752568,AgS3,Medium,4641178.226944086,74979.9748362038
2032,Medium,land,0.9031968738978035,AgS3,Medium,4678753.365182905,4225835.413172028
2032,Medium,short,0.014326843776932142,AgS3,Medium,4678753.365182905,67031.76853377103
2032,Medium,mid,0.06613294121180917,AgS3,Medium,4678753.365182905,309419.7212441954
2032,Medium,long,0.0163433411134552,AgS3,Medium,4678753.365182905,76466.46223291065
2033,Medium,land,0.902216182232438,AgS3,Medium,4715745.197928966,4254621.628856424
2033,Medium,short,0.014471985952074252,AgS3,Medium,4715745.197928966,68246.19825798961
2033,Medium,mid,0.06680291982576478,AgS3,Medium,4715745.197928966,315025.54837598396
2033,Medium,long,0.016508911989722853,AgS3,Medium,4715745.197928966,77851.82243856748
2034,Medium,land,0.9013522329137382,AgS3,Medium,4752207.157705533,4283412.532866532
2034,Medium,short,0.014599850282686183,AgS3,Medium,4752207.157705533,69381.51301481044
2034,Medium,mid,0.06739314363158733,AgS3,Medium,4752207.157705533,320266.1795463064
2034,Medium,long,0.01665477317198821,AgS3,Medium,4752207.157705533,79146.93227788447
2035,Medium,land,0.9005910495883279,AgS3,Medium,4788186.068008304,4312197.516611807
2035,Medium,short,0.014712505266340808,AgS3,Medium,4788186.068008304,70446.21274179185
2035,Medium,mid,0.06791316084732917,AgS3,Medium,4788186.068008304,325180.8506035885
2035,Medium,long,0.01678328429800207,AgS3,Medium,4788186.068008304,80361.48805111603
2036,Medium,land,0.8999203468119813,AgS3,Medium,4822801.358672072,4340137.071301466
2036,Medium,short,0.014811769146386667,AgS3,Medium,4822801.358672072,71434.2203635307
2036,Medium,mid,0.06837136451351966,AgS3,Medium,4822801.358672072,329741.5096700661
2036,Medium,long,0.016896519528112323,AgS3,Medium,4822801.358672072,81488.55733700932
2037,Medium,land,0.8993293215488546,AgS3,Medium,4857008.04961085,4368049.754013851
2037,Medium,short,0.014899240770020987,AgS3,Medium,4857008.04961085,72365.7323530821
2037,Medium,mid,0.06877513493452644,AgS3,Medium,4857008.04961085,334041.38399006735
2037,Medium,long,0.01699630274659798,AgS3,Medium,4857008.04961085,82551.17925384939
2038,Medium,land,0.8988084712490085,AgS3,Medium,4890838.007050085,4395926.632243235
2038,Medium,short,0.014976326512780833,AgS3,Medium,4890838.007050085,73246.78691470035
2038,Medium,mid,0.06913096396243934,AgS3,Medium,4890838.007050085,338108.3460115081
2038,Medium,long,0.017084238275771317,AgS3,Medium,4890838.007050085,83556.24188064216
2039,Medium,land,0.8983494349264148,AgS3,Medium,4924319.489351171,4423759.630655756
2039,Medium,short,0.015044263798967172,AgS3,Medium,4924319.489351171,74082.76142819434
2039,Medium,mid,0.0694445635677261,AgS3,Medium,4924319.489351171,341967.21780603996
2039,Medium,long,0.017161737706891902,AgS3,Medium,4924319.489351171,84509.87946118067
2040,Medium,land,0.8979448541817783,AgS3,Medium,4957477.634818418,4451541.531906451
2040,Medium,short,0.0151041416702401,AgS3,Medium,4957477.634818418,74878.4445233442
2040,Medium,mid,0.0697209607841986,AgS3,Medium,4957477.634818418,345640.1037657165
2040,Medium,long,0.017230043363783105,AgS3,Medium,4957477.634818418,85417.55462290625
2041,Medium,land,0.8975882515521263,AgS3,Medium,4989585.213012285,4478593.06731804
2041,Medium,short,0.015156918789855768,AgS3,Medium,4989585.213012285,75626.73786869239
2041,Medium,mid,0.06996458081686006,AgS3,Medium,4989585.213012285,349094.23787840793
2041,Medium,long,0.01729024884115792,AgS3,Medium,4989585.213012285,86271.16994714434
2042,Medium,land,0.8972739239375156,AgS3,Medium,5021409.720615832,4505580.003714952
2042,Medium,short,0.015203439215493136,AgS3,Medium,5021409.720615832,76342.69746346917
2042,Medium,mid,0.07017931984952669,AgS3,Medium,5021409.720615832,352399.1188786209
2042,Medium,long,0.01734331699746452,AgS3,Medium,5021409.720615832,87087.90055879013
2043,Medium,land,0.8969968491666113,AgS3,Medium,5052968.957632378,4532497.233932938
2043,Medium,short,0.015244446227529981,AgS3,Medium,5052968.957632378,77029.713564005
2043,Medium,mid,0.07036860887637232,AgS3,Medium,5052968.957632378,355570.39624408353
2043,Medium,long,0.017390095729486497,AgS3,Medium,5052968.957632378,87871.61389135064
2044,Medium,land,0.8967526040271474,AgS3,Medium,5084278.95408247,4559340.391673877
2044,Medium,short,0.015280594460518635,AgS3,Medium,5084278.95408247,77690.80482148408
2044,Medium,mid,0.07053546970101526,AgS3,Medium,5084278.95408247,358622.0041171937
2044,Medium,long,0.017431331811318663,AgS3,Medium,5084278.95408247,88625.75346991574
2045,Medium,land,0.8965372923123304,AgS3,Medium,5115354.201314694,4586105.80486518
2045,Medium,short,0.015312460552304475,AgS3,Medium,5115354.201314694,78328.65941869622
2045,Medium,mid,0.07068256409302057,AgS3,Medium,5115354.201314694,361566.3511929279
2045,Medium,long,0.017467683042344657,AgS3,Medium,5115354.201314694,89353.38583789118
2046,Medium,land,0.8963474816265355,AgS3,Medium,5145402.232152637,4612068.332745571
2046,Medium,short,0.015340552496770216,AgS3,Medium,5145402.232152637,78933.31305933617
2046,Medium,mid,0.07081223696031808,AgS3,Medium,5145402.232152637,364357.4421193421
2046,Medium,long,0.01749972891637611,AgS3,Medium,5145402.232152637,90043.14422838768
2047,Medium,land,0.8961801478584832,AgS3,Medium,5175238.341112549,4637945.861741136
2047,Medium,short,0.015365317861795312,AgS3,Medium,5175238.341112549,79519.1821217446
2047,Medium,mid,0.07092655428343503,AgS3,Medium,5175238.341112549,367061.8231306335
2047,Medium,long,0.017527979996286403,AgS3,Medium,5175238.341112549,90711.47411903519
2048,Medium,land,0.8960326263717399,AgS3,Medium,5204873.213891274,4663736.215774917
2048,Medium,short,0.015387151013052033,AgS3,Medium,5204873.213891274,80088.17014593452
2048,Medium,mid,0.07102733646065498,AgS3,Medium,5204873.213891274,369688.2809981062
2048,Medium,long,0.017552886154553082,AgS3,Medium,5204873.213891274,91360.54697231636
2049,Medium,land,0.895902569084493,AgS3,Medium,5234316.646990416,4689437.731440443
2049,Medium,short,0.015406399466190535,AgS3,Medium,5234316.646990416,80641.97319606537
2049,Medium,mid,0.07111618762980616,AgS3,Medium,5234316.646990416,372244.6447811883
2049,Medium,long,0.017574843819510345,AgS3,Medium,5234316.646990416,91992.29757271962
2050,Medium,land,0.895787906716004,AgS3,Medium,5263577.659671599,4715049.213594344
2050,Medium,short,0.015423369474356395,AgS3,Medium,5263577.659671599,81182.10300208321
2050,Medium,mid,0.07119452146033232,AgS3,Medium,5263577.659671599,374737.8926496155
2050,Medium,long,0.01759420234930735,AgS3,Medium,5263577.659671599,92608.45042555573
2010,Medium,land,0.949257070385715,AgS4,Medium,2963652.209562074,2813267.8140910454
2010,Medium,short,0.007509943683019429,AgS4,Medium,2963652.209562074,22256.86118986727
2010,Medium,mid,0.03466602078071044,AgS4,Medium,2963652.209562074,102738.02908347726
2010,Medium,long,0.008566965150555085,AgS4,Medium,2963652.209562074,25389.505197683862
2011,Medium,land,0.9515253190468869,AgS4,Medium,2782046.416148766,2647187.603729203
2011,Medium,short,0.007174243323699049,AgS4,Medium,2782046.416148766,19959.07792727615
2011,Medium,mid,0.03311642252491988,AgS4,Medium,2782046.416148766,92131.42460112162
2011,Medium,long,0.008184015104494256,AgS4,Medium,2782046.416148766,22768.309891165612
2012,Medium,land,0.9515079688505325,AgS4,Medium,2551512.798080537,2427784.7599977506
2012,Medium,short,0.007176811149374486,AgS4,Medium,2551512.798080537,18311.72549703609
2012,Medium,mid,0.03312827564952149,AgS4,Medium,2551512.798080537,84527.2192980939
2012,Medium,long,0.008186944350571547,AgS4,Medium,2551512.798080537,20889.093287656455
2013,Medium,land,0.9494438469511975,AgS4,Medium,2529255.987218636,2401386.5344292107
2013,Medium,short,0.007482300787767943,AgS4,Medium,2529255.987218636,18924.654065632785
2013,Medium,mid,0.03453842073180544,AgS4,Medium,2529255.987218636,87356.50742499519
2013,Medium,long,0.008535431529229082,AgS4,Medium,2529255.987218636,21588.291298797376
2014,Medium,land,0.9442841885847204,AgS4,Medium,2656436.426673675,2508430.9156884453
2014,Medium,short,0.00824592921936237,AgS4,Medium,2656436.426673675,21904.78675008702
2014,Medium,mid,0.03806334184915668,AgS4,Medium,2656436.426673675,101112.84780903233
2014,Medium,long,0.009406540346760485,AgS4,Medium,2656436.426673675,24987.87642611017
2015,Medium,land,0.9363844369068717,AgS4,Medium,2994721.147375098,2804210.2752779317
2015,Medium,short,0.009415090926450348,AgS4,Medium,2994721.147375098,28195.57190190026
2015,Medium,mid,0.04346021108608114,AgS4,Medium,2994721.147375098,130151.21320887287
2015,Medium,long,0.010740261080596818,AgS4,Medium,2994721.147375098,32164.086986393013
2016,Medium,land,0.9404237525728788,AgS4,Medium,2936786.529699625,2761823.8087656037
2016,Medium,short,0.008817272995947737,AgS4,Medium,2936786.529699625,25894.44856318357
2016,Medium,mid,0.040700673907560964,AgS4,Medium,2936786.529699625,119529.19088142204
2016,Medium,long,0.010058300523612495,AgS4,Medium,2936786.529699625,29539.081489415858
2017,Medium,land,0.9347298848318603,AgS4,Medium,2897332.90810521,2708223.6555127418
2017,Medium,short,0.009659964310750587,AgS4,Medium,2897332.90810521,27988.132488659536
2017,Medium,mid,0.04459055056492288,AgS4,Medium,2897332.90810521,129193.66954228042
2017,Medium,long,0.011019600292466273,AgS4,Medium,2897332.90810521,31927.450561528327
2018,Medium,land,0.9308832248597189,AgS4,Medium,2866820.715900283,2668675.313111903
2018,Medium,short,0.010229269236148012,AgS4,Medium,2866820.715900283,29325.480954710583
2018,Medium,mid,0.04721847125346434,AgS4,Medium,2866820.715900283,135366.89156257355
2018,Medium,long,0.011669034650668833,AgS4,Medium,2866820.715900283,33453.03027109563
2019,Medium,land,0.9227944144453635,AgS4,Medium,2858846.2792493063,2638127.37824917
2019,Medium,short,0.011426411599353778,AgS4,Medium,2858846.2792493063,32666.354285983663
2019,Medium,mid,0.05274449964888293,AgS4,Medium,2858846.2792493063,150788.4165720753
2019,Medium,long,0.013034674306399712,AgS4,Medium,2858846.2792493063,37264.13014207735
2020,Medium,land,0.9272929947751243,AgS4,Medium,2840297.3067742414,2633787.7956504063
2020,Medium,short,0.010760622588217717,AgS4,Medium,2840297.3067742414,30563.367356528848
2020,Medium,mid,0.0496712068693648,AgS4,Medium,2840297.3067742414,141080.99509528303
2020,Medium,long,0.012275175767293235,AgS4,Medium,2840297.3067742414,34865.14867202341
2021,Medium,land,0.925064058127411,AgS4,Medium,2823303.005121561,2611736.1352410656
2021,Medium,short,0.011090504777215982,AgS4,Medium,2823303.005121561,31311.855465828907
2021,Medium,mid,0.0511939483574078,AgS4,Medium,2823303.005121561,144536.02824150745
2021,Medium,long,0.012651488737965302,AgS4,Medium,2823303.005121561,35718.98617315902
2022,Medium,land,0.9223769625517688,AgS4,Medium,2808364.694960344,2590370.897075147
2022,Medium,short,0.011488194398161353,AgS4,Medium,2808364.694960344,32263.03955663754
2022,Medium,mid,0.05302969004148155,AgS4,Medium,2808364.694960344,148926.70929718693
2022,Medium,long,0.013105153008588256,AgS4,Medium,2808364.694960344,36804.0490313726
2023,Medium,land,0.9210704725273349,AgS4,Medium,2794985.7176947794,2574378.815704283
2023,Medium,short,0.01168155466688269,AgS4,Medium,2794985.7176947794,32649.778454407915
2023,Medium,mid,0.05392224415061739,AgS4,Medium,2794985.7176947794,150711.90226702645
2023,Medium,long,0.013325728655165096,AgS4,Medium,2794985.7176947794,37245.2212690625
2024,Medium,land,0.9119036747948311,AgS4,Medium,2790897.681515586,2545029.851750437
2024,Medium,short,0.013038238942860172,AgS4,Medium,2790897.681515586,36388.390836674684
2024,Medium,mid,0.060184720580399274,AgS4,Medium,2790897.681515586,167969.3971304997
2024,Medium,long,0.014873365681909376,AgS4,Medium,2790897.681515586,41510.04179797436
2025,Medium,land,0.9149888013094187,AgS4,Medium,2809364.7476403294,2570537.2828843626
2025,Medium,short,0.012581640820606315,AgS4,Medium,2809364.7476403294,35346.41818888393
2025,Medium,mid,0.05807705630719374,AgS4,Medium,2809364.7476403294,163159.63463615254
2025,Medium,long,0.014352501562781254,AgS4,Medium,2809364.7476403294,40321.41193093039
2026,Medium,land,0.9125969051225864,AgS4,Medium,2825696.348081149,2578721.742075051
2026,Medium,short,0.012935640989600945,AgS4,Medium,2825696.348081149,36552.19350440421
2026,Medium,mid,0.059711126778652826,AgS4,Medium,2825696.348081149,168725.5128782498
2026,Medium,long,0.014756327109159823,AgS4,Medium,2825696.348081149,41696.89962344377
2027,Medium,land,0.9104923767804904,AgS4,Medium,2841541.558291642,2587201.9271294954
2027,Medium,short,0.013247110773639782,AgS4,Medium,2841541.558291642,37642.21579059039
2027,Medium,mid,0.06114887630938068,AgS4,Medium,2841541.558291642,173757.07327594043
2027,Medium,long,0.015111636136489148,AgS4,Medium,2841541.558291642,42940.34209561566
2028,Medium,land,0.908640221533404,AgS4,Medium,2856903.2487842087,2595897.200874785
2028,Medium,short,0.013521229388854932,AgS4,Medium,2856903.2487842087,38628.84416857617
2028,Medium,mid,0.06241421224431106,AgS4,Medium,2856903.2487842087,178311.3657310794
2028,Medium,long,0.015424336833429983,AgS4,Medium,2856903.2487842087,44065.83800976806
2029,Medium,land,0.9070098111307382,AgS4,Medium,2871786.1031506467,2604738.1710265465
2029,Medium,short,0.013762529810358038,AgS4,Medium,2871786.1031506467,39523.04185358272
2029,Medium,mid,0.0635280588694375,AgS4,Medium,2871786.1031506467,182438.99662138682
2029,Medium,long,0.01569960018946626,AgS4,Medium,2871786.1031506467,45085.89364913046
2030,Medium,land,0.90557431566395,AgS4,Medium,2886196.52476085,2613665.4427819774
2030,Medium,short,0.013974982859378973,AgS4,Medium,2886196.52476085,40334.54696233203
2030,Medium,mid,0.06450874555939734,AgS4,Medium,2886196.52476085,186184.9172502145
2030,Medium,long,0.01594195591727376,AgS4,Medium,2886196.52476085,46011.61776632619
2031,Medium,land,0.904310214455116,AgS4,Medium,2898822.720829533,2621434.9963407177
2031,Medium,short,0.014162069591661525,AgS4,Medium,2898822.720829533,41053.32910627745
2031,Medium,mid,0.06537234092346997,AgS4,Medium,2898822.720829533,189502.82718276905
2031,Medium,long,0.016155375029752568,AgS4,Medium,2898822.720829533,46831.56819976884
2032,Medium,land,0.9031968738978035,AgS4,Medium,2910992.530442805,2629199.353435798
2032,Medium,short,0.014326843776932142,AgS4,Medium,2910992.530442805,41705.33521947045
2032,Medium,mid,0.06613294121180917,AgS4,Medium,2910992.530442805,192512.49788378965
2032,Medium,long,0.0163433411134552,AgS4,Medium,2910992.530442805,47575.343903746885
2033,Medium,land,0.902216182232438,AgS4,Medium,2922716.2356449096,2636921.883872313
2033,Medium,short,0.014471985952074252,AgS4,Medium,2922716.2356449096,42297.50830415247
2033,Medium,mid,0.06680291982576478,AgS4,Medium,2922716.2356449096,195245.97836324794
2033,Medium,long,0.016508911989722853,AgS4,Medium,2922716.2356449096,48250.865105195895
2034,Medium,land,0.9013522329137382,AgS4,Medium,2934005.2833803506,2644572.213555584
2034,Medium,short,0.014599850282686183,AgS4,Medium,2934005.2833803506,42836.037865963364
2034,Medium,mid,0.06739314363158733,AgS4,Medium,2934005.2833803506,197731.83947868805
2034,Medium,long,0.01665477317198821,AgS4,Medium,2934005.2833803506,48865.192480114725
2035,Medium,land,0.9005910495883279,AgS4,Medium,2944872.1248149574,2652125.4777905117
2035,Medium,short,0.014712505266340808,AgS4,Medium,2944872.1248149574,43326.446645040305
2035,Medium,mid,0.06791316084732917,AgS4,Medium,2944872.1248149574,199995.5742873742
2035,Medium,long,0.01678328429800207,AgS4,Medium,2944872.1248149574,49424.62609203086
2036,Medium,land,0.8999203468119813,AgS4,Medium,2954470.5899954275,2658788.197994484
2036,Medium,short,0.014811769146386667,AgS4,Medium,2954470.5899954275,43760.936328801086
2036,Medium,mid,0.06837136451351966,AgS4,Medium,2954470.5899954275,202001.18565305087
2036,Medium,long,0.016896519528112323,AgS4,Medium,2954470.5899954275,49920.27001909128
2037,Medium,land,0.8993293215488546,AgS4,Medium,2963673.707332843,2665318.6645078245
2037,Medium,short,0.014899240770020987,AgS4,Medium,2963673.707332843,44156.48812933274
2037,Medium,mid,0.06877513493452644,AgS4,Medium,2963673.707332843,203827.0591237245
2037,Medium,long,0.01699630274659798,AgS4,Medium,2963673.707332843,50371.495571961415
2038,Medium,land,0.8988084712490085,AgS4,Medium,2972495.632385419,2671704.2551386934
2038,Medium,short,0.014976326512780833,AgS4,Medium,2972495.632385419,44517.06514841898
2038,Medium,mid,0.06913096396243934,AgS4,Medium,2972495.632385419,205491.48844094475
2038,Medium,long,0.017084238275771317,AgS4,Medium,2972495.632385419,50782.823657362045
2039,Medium,land,0.8983494349264148,AgS4,Medium,2980950.905943806,2677935.5618980024
2039,Medium,short,0.015044263798967172,AgS4,Medium,2980950.905943806,44846.21180078879
2039,Medium,mid,0.0694445635677261,AgS4,Medium,2980950.905943806,207010.83468008533
2039,Medium,long,0.017161737706891902,AgS4,Medium,2980950.905943806,51158.29756492939
2040,Medium,land,0.8979448541817783,AgS4,Medium,2989054.32152863,2684005.94688644
2040,Medium,short,0.0151041416702401,AgS4,Medium,2989054.32152863,45147.099932411824
2040,Medium,mid,0.0697209607841986,AgS4,Medium,2989054.32152863,208399.73913313693
2040,Medium,long,0.017230043363783105,AgS4,Medium,2989054.32152863,51501.53557664158
2041,Medium,land,0.8975882515521263,AgS4,Medium,2996126.5484425565,2689287.9900454613
2041,Medium,short,0.015156918789855768,AgS4,Medium,2996126.5484425565,45412.04677887469
2041,Medium,mid,0.06996458081686006,AgS4,Medium,2996126.5484425565,209622.73803604924
2041,Medium,long,0.01729024884115792,AgS4,Medium,2996126.5484425565,51803.77358217139
2042,Medium,land,0.8972739239375156,AgS4,Medium,3002876.486263343,2694402.767929209
2042,Medium,short,0.015203439215493136,AgS4,Medium,3002876.486263343,45654.050130538344
2042,Medium,mid,0.07017931984952669,AgS4,Medium,3002876.486263343,210739.829398098
2042,Medium,long,0.01734331699746452,AgS4,Medium,3002876.486263343,52079.83880549758
2043,Medium,land,0.8969968491666113,AgS4,Medium,3009318.735700141,2699349.4240610767
2043,Medium,short,0.015244446227529981,AgS4,Medium,3009318.735700141,45875.39764787931
2043,Medium,mid,0.07036860887637232,AgS4,Medium,3009318.735700141,211761.57309682248
2043,Medium,long,0.017390095729486497,AgS4,Medium,3009318.735700141,52332.34089436273
2044,Medium,land,0.8967526040271474,AgS4,Medium,3015467.750466253,2704128.5575904967
2044,Medium,short,0.015280594460518635,AgS4,Medium,3015467.750466253,46078.13980364722
2044,Medium,mid,0.07053546970101526,AgS4,Medium,3015467.750466253,212697.43414740104
2044,Medium,long,0.017431331811318663,AgS4,Medium,3015467.750466253,52563.618924707924
2045,Medium,land,0.8965372923123304,AgS4,Medium,3021337.770074166,2708741.983543267
2045,Medium,short,0.015312460552304475,AgS4,Medium,3021337.770074166,46264.11541944823
2045,Medium,mid,0.07068256409302057,AgS4,Medium,3021337.770074166,213555.90057993107
2045,Medium,long,0.017467683042344657,AgS4,Medium,3021337.770074166,52775.77053151993
2046,Medium,land,0.8963474816265355,AgS4,Medium,3026201.30786838,2712527.921202751
2046,Medium,short,0.015340552496770216,AgS4,Medium,3026201.30786838,46423.60002914957
2046,Medium,mid,0.07081223696031808,AgS4,Medium,3026201.30786838,214292.0841024002
2046,Medium,long,0.01749972891637611,AgS4,Medium,3026201.30786838,52957.70253407949
2047,Medium,land,0.8961801478584832,AgS4,Medium,3030813.101391108,2716154.533336111
2047,Medium,short,0.015365317861795312,AgS4,Medium,3030813.101391108,46569.406682568035
2047,Medium,mid,0.07092655428343503,AgS4,Medium,3030813.101391108,214965.12995876247
2047,Medium,long,0.017527979996286403,AgS4,Medium,3030813.101391108,53124.03141366609
2048,Medium,land,0.8960326263717399,AgS4,Medium,3035186.1611272134,2719625.827481976
2048,Medium,short,0.015387151013052033,AgS4,Medium,3035186.1611272134,46702.86781399012
2048,Medium,mid,0.07102733646065498,AgS4,Medium,3035186.1611272134,215581.18868710636
2048,Medium,long,0.017552886154553082,AgS4,Medium,3035186.1611272134,53276.277144140986
2049,Medium,land,0.895902569084493,AgS4,Medium,3039333.1251165085,2722946.3550954806
2049,Medium,short,0.015406399466190535,AgS4,Medium,3039333.1251165085,46825.180236370186
2049,Medium,mid,0.07111618762980616,AgS4,Medium,3039333.1251165085,216145.78479527074
2049,Medium,long,0.017574843819510345,AgS4,Medium,3039333.1251165085,53415.80498938693
2050,Medium,land,0.895787906716004,AgS4,Medium,3043266.24079961,2726121.095425365
2050,Medium,short,0.015423369474356395,AgS4,Medium,3043266.24079961,46937.419640688044
2050,Medium,mid,0.07119452146033232,AgS4,Medium,3043266.24079961,216663.8836901127
2050,Medium,long,0.01759420234930735,AgS4,Medium,3043266.24079961,53543.842043444245
