alpha,beta,sigma,nu
3.773635415575477,1.908937630308066,1.5730659891638923,33.12503010083924
3.3405519047349608,1.378264476624811,2.59122561792569,5.894135172543382
3.799288935973102,1.6708516057210483,1.9626407978151506,9.325864854737521
3.7867347872726036,1.3829442388184818,2.0753884576018153,11.603222358993118
3.2836244167105963,1.7986632576684145,1.9200902821770487,53.13418349866209
3.324274109973808,1.9862453418315433,1.6263337536360065,6.955898773469424
3.8400173932945694,1.5624310556305225,1.9834852980843622,11.625352217728144
3.6367775774369497,1.692932729523956,1.6642774167408299,9.941435575456927
3.5845615661308345,1.276443155004996,1.4183607642232545,25.934576267875954
3.3096572674164406,1.5553601406885544,2.0969003532012165,11.14280143623555
3.5149052783136425,1.853154521940277,1.5896236101970551,18.108835535949236
4.206312726011337,1.6333428281881077,2.213125234339592,7.178863098383453
2.6238329708843406,1.8442396015108222,1.755217226723439,26.548440723150925
3.3256886687070963,1.5479174782438472,2.055791724943431,19.953853921348106
3.4706564384221106,1.9131113653343037,1.81222999066549,12.5910139421293
3.5047846357431607,2.322877962837674,2.214687046474731,17.317119251674196
3.5646860366377884,2.495420223449872,2.0103366357313344,9.236136111734996
3.2527663979807597,1.1395762141642918,1.7052518148385485,9.124295281607715
3.4600624367101913,1.2828164742541173,1.851839799473079,12.084286496066888
3.471642938023152,2.2869052863752373,1.8901850621813479,18.805601653098954
3.8644825317072358,2.141587067283024,1.991169375173504,9.63503622989365
3.167565218055714,1.9915712357903155,1.5547681611778246,8.425610092569102
3.990651072708961,1.8426550748007098,1.8830811442151016,11.345241291470908
3.342591314637093,1.6096600025670103,2.130497709829585,12.233978456363516
2.9885812049378417,2.395935275832864,1.5628931664555519,4.769132545706804
2.7158465149570246,2.586881859089495,1.4123599959948976,1.4917356237820265
2.666568172239533,2.67761257982176,1.4578687425995542,1.3229835230247653
2.9529097638256805,2.3620857760212246,1.4197008660960242,2.850999670575093
3.86955295991545,1.190204301664903,2.294724266853645,39.9933259481024
3.2851707152704037,2.0823530088774174,1.546405554435376,2.903652132538795
3.9241581817064186,2.3377366950027927,1.970033819591928,16.33787890106519
2.706669467853807,1.397681403300659,1.8683359198340754,14.463181760426576
4.519598970624304,1.799407962417216,2.2060571572334267,7.719538789960164
3.3269251542575233,2.0538235297918748,2.019625671918069,45.47405966331554
4.026924011176245,1.5115081688330727,1.453444591558932,30.27680212012062
3.226802378764551,1.716383627928542,1.8052967017873893,18.68379448906579
3.643701020752087,1.7476939374525366,1.9265947036467899,8.63791325526703
3.1888122311429727,1.4475674883383123,1.9376416031145038,31.633846805210684
3.272833842003827,1.4652680050666185,1.4205530649449842,40.998783186147165
3.520421091799354,1.6427552612987784,1.8467026528923174,17.501850790777162
3.2439070600070745,1.716837160825981,2.1888705118556295,13.911551989163284
4.2546709859598835,1.2633347426799275,1.9057537186495384,16.707465015151403
3.964649458760641,0.8837026419994705,1.9636474122175733,5.28960462890265
3.9734455117138934,0.9396884766209286,2.0015657107373515,5.819874629119468
3.418036421205926,2.4411805294410462,1.8099364496476682,27.28953946729435
3.5550892967742906,1.0516712665622614,1.9502420978993886,14.16150064097701
3.4987852839757485,1.435084359881139,1.838478831511245,5.675429845164397
3.2045579755521607,2.110596538943104,2.1101066312360843,28.582763356904426
3.5232869378601257,1.7131520131963132,1.6005609632247628,9.954537283204028
2.954381474095233,1.8795351776038767,1.4919512430433328,8.74419243791621
4.101617573246134,1.8363747943485254,2.0215457876352896,8.31559886136079
3.042003808550041,2.175699728618376,1.9619724128065088,21.268312826611645
3.1066826091572146,2.0769152616464086,2.0082779483303845,16.966362930143905
4.156948236383958,0.7056788379755934,2.0009180735143137,7.487620574370752
3.846316965658942,1.3821131502212494,2.0848466953706333,14.520140633442054
3.0222333554253544,1.9652253070362025,1.7275160578932336,11.983584329641673
3.8905506218723778,1.6049925403099217,2.0973771848893046,15.974761016055139
3.9516274566308254,1.8135758194756257,2.0892502102522923,24.156876119375756
3.0011921608636674,2.301368665197762,1.8320983188576676,14.089442089858863
2.989795835732879,1.9519986896008967,1.7996063981319066,13.148180078669217
2.848843455290562,2.175490337871198,1.9560683189539456,15.871052789473532
3.824940986747942,1.3322815752228956,2.1616367515221273,13.74427697429212
3.3177372058525796,1.8224746349141827,1.705892878412534,22.662082905287296
2.9515177650461073,1.70626277781842,1.8229060183995134,56.712804965370765
3.33128185910223,1.4048107303603694,1.9092704183275109,25.827329188981267
3.3067073361879755,2.376057369102788,1.7851467398003442,6.022866439853857
3.6446386204848853,1.4380901945919777,1.7929837170751106,15.2284789000811
3.5595167769604155,1.554272295154167,2.2314543817000687,10.539440726803466
3.4792161846407614,1.964835499230345,1.7441984607094632,59.62971751737528
3.479819243764842,2.0829802516406457,1.6311816087277533,36.441737970062135
3.3785918674830038,2.117951807828707,1.5365962755835672,35.84023194344941
3.514225798433247,2.0128529164037197,1.6063184275683353,40.81746217223539
3.328841305450967,2.216983007575688,2.455778919138495,4.561034515993682
3.2129237974472376,1.8612650431966167,2.262053944624914,6.9584277883714485
3.30717710850597,2.0176076328513854,1.9951939276347004,7.3484804850903345
3.720548961844679,2.377197087983346,1.605904333084965,5.768962529408619
3.405098162116556,2.069551075064239,1.9732853427644828,8.128174825006797
3.5046125195535645,1.6837714116325846,1.629621568500368,19.439662747917875
3.5857408019690826,1.4199346779627866,1.6735029807130468,22.66961781046768
3.4491364635913984,1.5369389058344076,1.9027696360734958,16.43696488300999
3.669183754635231,2.384165725978981,1.513975038194322,10.672503074684855
3.236906718987132,1.7308293711008302,2.3042630055868663,30.94907428007975
3.428834242403064,0.8639075036113405,2.0829862303342717,8.365805846482539
4.166211194213544,1.7752088594300695,1.936762026479653,30.306478849646986
3.6424788251882356,2.2160990121616178,1.8786932537281613,100.1580823622533
3.4409765870244993,2.1298379961753655,1.925099172371969,73.33080922582094
3.9102464515643667,1.3720157327943507,2.0207027729435354,12.58037875691509
4.27546968711077,1.1496780371224218,2.131111300877302,15.019303171559239
3.680192390926276,1.0873636268966322,1.9606622966461251,37.74376704862557
3.322821250623984,1.1856950499598322,2.182476159677038,13.883430810881165
3.380115124268746,1.2150085108314799,2.0617933902807035,16.68451080029602
3.4517101930969103,2.655738834071831,1.925187581436866,11.457429549246472
4.1012872323775875,2.311778298399046,2.0841315965035494,4.737957404583295
2.7866257253108597,1.3034038538576327,1.6891150366319236,33.78505030158062
3.772558272107706,1.6486062555341627,2.556028880789303,4.503859288596932
3.274347367775195,2.1190971441393374,2.331386977303235,26.54300556252329
3.592128396731205,1.322051711588502,2.1396545606050865,9.45060809440879
4.207901373319813,1.300894936384784,2.3650969842178484,18.40682682891522
3.074885407389419,2.297189263751992,1.7947759378464012,7.720701052472749
3.5419399552091035,1.5110550435355696,1.985516770081664,4.959834465991214
3.0537711905614247,1.9789315267273764,1.814420775891976,24.614279210153782
3.324533667240964,1.221731381464726,2.112165908212836,11.795915291502967
3.473218459042406,2.2015073452751115,1.9298235015968186,26.506407485906706
3.587077711510239,1.9594768980648736,2.164428648854181,9.921348195327905
3.3311783109656457,1.5893500254099828,1.65842760726697,25.46362874381555
3.334913385025178,2.3583490557443727,1.9831055215990279,7.049930270674601
3.1252221353424803,1.2496321086603202,2.111397456239979,21.843553662099062
3.6753943911705464,1.6345186932750582,1.7438193692471338,34.04626235392178
2.9296127113298978,2.414513191264752,2.183179262060058,9.374095153126378
3.961745001236262,1.5943285661658384,1.685301949822869,7.463624868814929
3.799754741702573,1.7810254712748363,1.6161744058734473,6.944587450883785
3.719669883015687,2.2929975842833255,1.6347909385778985,5.149082551333557
3.473468338806212,2.0009437667336094,2.127290628346124,22.422876182709043
3.385487695795053,1.4260699401343675,1.7615516389692734,10.784709924353619
2.8643601758844057,1.7021304581853094,2.265904027808404,6.78527598281333
2.272646032186564,1.7904406899724263,2.04971330852893,6.862554977017657
2.3921433303101916,1.4934165199748675,2.02424710991954,45.28637318489294
2.7165712268203,1.643213932398009,2.5142581389568326,42.028459442960255
2.8756331342761103,1.5965826205963436,2.1888999508052276,52.56264083338075
3.9202528054231895,2.429906697438084,1.5189939799604446,3.3673414600261236
3.4670538741833097,2.3629951133525045,1.6472135593309065,6.862604102573254
3.1358943314572536,1.6350210796395408,1.2895311366574347,3.9129549500543463
3.0581499065163524,1.6721457120866337,1.4142724871125434,3.022250217065215
3.0444043524230313,1.9953949026514546,1.2136419655466355,1.8240014260677733
3.156851814444369,2.0977032835379887,1.3339040073276456,2.3334133645739676
3.224766396866218,2.305489572541308,1.286352621961873,2.768359427740467
3.3956779112954107,1.9068296306177086,1.3103141434862664,1.4612886515747172
3.357839631446662,1.8477578599078748,2.9154721216052333,31.577089223085025
3.277324010116815,2.104697386198035,2.166623007046786,10.624673511634116
3.237185978030161,1.9421146713889395,1.8416556722675816,21.919289415196936
3.792413283541362,1.589362253476511,1.836510329769051,13.798406114977988
3.6295189629063977,2.0801650772667095,1.6279264478668676,13.988775752797556
3.2926183104805085,1.367137245498529,2.1768786242311027,19.37129460312419
3.2501898648754355,1.2657666513939412,2.1467073238808414,19.106119583514946
3.3111405527059685,1.654024246517975,2.2211729747388422,13.821391717802817
3.359884876074826,2.0804639169306007,2.3684195739723104,8.883578598434015
3.7054146047142282,1.468317552349124,1.9165361943569705,10.485519127940837
4.2597350052579035,2.041249081865728,1.5686419084707584,2.2760897025483247
4.104953482244806,1.7187990291453135,1.4153222769192848,2.0682222890530038
3.6731561925713887,1.6409067870626661,1.6019019009383868,5.304193594549878
3.420059292778585,2.2961676106330073,1.9725505384147894,16.35477525445373
3.5917340122199963,1.6441221487860476,1.4627563789045228,6.940440999009795
3.364396740780761,1.8017073878437386,1.5055629664011971,11.620625584329726
3.5834746295418256,1.6143279605642258,2.206699267414401,18.145085338767178
3.0839626441652506,1.773414890809848,1.8389317194095134,7.976478701737706
3.8173333173141897,2.475425883486568,1.441499867543027,3.9610896238318354
3.448843814576996,1.905579568034923,1.4363618942496168,2.114254704545581
3.6751582519969355,1.938847155434242,1.7370226495186434,5.418992422523353
3.5765607880521313,1.7760783532525624,1.7784906409802939,6.792275957003354
2.957185448286037,0.708608814761499,2.1153273915930093,47.9152683757049
2.9105759993250437,0.39756772197053597,2.136200051678004,73.41950401102086
3.0972700471918433,1.335621419347536,2.0902951420952642,33.86330218170707
3.6164834979644347,2.057740616227585,1.678381063397215,6.305066094284296
3.2975880509150572,1.7512082008901222,1.841045180801612,20.43354360032772
3.258018753433566,2.2489640748532533,2.29886265032693,16.146762328206567
3.2357731779317627,1.7583846527535414,1.6101289608345941,15.441758417224262
3.3136491756013835,1.9803026251680735,1.5355876251788096,18.678608203010675
3.077825258083468,1.9987794846944502,1.4822807905991442,24.59695400951175
4.104561119966988,1.383640607167326,2.8260649003900875,6.934814133972874
2.85925922425799,2.053026052530325,1.6983369696535422,29.524383319262377
3.2547537835327014,1.954825639132408,1.8455656806127505,32.29476139354334
2.677779331835588,1.5916651770191308,1.629645214468859,22.30363041516932
2.919706586378476,1.9341581079253543,2.1687762341574284,14.640651726248997
3.122372235486694,0.7443765177361646,2.0188089844678965,7.79809006193176
3.3227138354832175,0.9474003219752292,1.9104631366748837,10.770968030337226
3.304544836908872,1.5653100045624584,2.2245034140309965,13.588730158692659
3.0991402159073527,1.92824933889747,1.6997208693248012,26.514863907905447
3.141836998208175,2.0111836585186733,2.0651761501143753,18.815601565093584
3.7543978618139793,1.6979251714984507,1.5477958557017737,5.7563852742589905
3.2820735543938557,2.45999562927613,1.7363768445545837,7.989465829970471
3.891505935724814,1.7800708881277778,1.9318659205506468,10.237110478789036
3.0830920601581275,1.5531528486415809,2.0200717116269287,20.13915176420129
3.6382138048265027,1.5233851422529279,1.8689927594176832,17.733939401712114
3.220295424024404,2.0106595530666547,1.928583408587158,14.289577700780445
3.7051195449860272,1.4318309147817305,2.0999994405397833,15.593819717346461
3.3317046533830865,1.7866789553290148,2.149195859314002,7.390375283895181
3.5127504535215577,1.5881669933667333,1.5775448202666227,8.059415538031333
3.368653119669602,2.126485827549613,2.2154147874145256,18.282078442238163
3.6737799712719816,1.22041348286444,1.9658598574271937,10.848907369675809
3.3337104364669394,2.081236322355019,2.13226348463039,18.47468669619317
3.8089968091550324,2.3185342875388426,1.6003217510326972,16.848607005908846
3.0942047664714396,1.3857294219778742,2.0603271383768065,6.41282030638059
3.8299199027630593,2.0662709375815007,1.9731609092676694,22.94339630602225
3.6925813940705816,1.9983899798229081,1.4284423221692033,21.672598127100706
3.607012243177984,2.1343251481811976,1.6867443028316744,21.00907198350732
4.005272094526254,2.3063183540239782,1.315886640688791,3.6720726603941576
3.8639882495753657,2.7270082951990533,1.4215115420418234,2.2281936412736227
3.9087854412761103,2.236583410224471,1.4227312900733515,2.77973235516086
3.3157254588185525,2.3304890336816486,1.1459000985966616,2.5510638012873534
3.142771031180997,2.0762858761041794,1.801792817277521,6.800873779326487
3.3693727786413663,1.2770267279333096,1.8873886933421267,14.63403857199814
3.7368673143330953,1.9818325107398786,2.0075451122804835,13.60570901937775
3.292922102115097,1.7177405698413521,1.6908579081470638,24.62338730983292
3.5956880097762296,1.7175389889512158,1.6972252655422426,11.79413217859558
3.157031411354388,1.9552407040480537,2.1944999108730565,15.406395019914374
3.569489127053027,1.643751431070359,1.9782864970083562,19.335752749236057
3.76914008289926,1.5569218062779848,1.9005207967563609,5.105218934507311
3.0659428769822954,2.285684607747919,2.22048753855389,35.23957579863296
3.7538284731193943,1.2178578537553002,1.8284285919556251,6.8952250093038625
3.7746881577752935,1.7952230331065717,1.872969449499245,6.566425779162522
3.408473309012761,1.771898431438197,2.054023902994098,22.394312896494316
3.4661530087495582,2.051455073870378,1.87217915962183,25.62527920242056
3.5721020706912516,1.8633261749715708,1.902419512627453,14.086686457200221
3.3582702580704518,2.029501198181342,1.8353250081728159,18.60098554604134
3.4953219054419824,1.6570731428733805,2.2039441490095824,11.998463818002529
3.4351508328302045,1.996642937796093,1.6278146431982015,9.167999492730868
3.9907777664741273,1.2356410007355767,2.4081362380355684,40.27006023673967
3.5278931006231593,0.7619627060069983,2.14470455705032,3.2947128691832805
3.8631550234591163,0.8662956542345651,1.7338602599992485,9.131757034185705
3.583949042713408,1.6085640097808886,2.149171097926188,16.20668987326589
3.2645190997709244,2.7871847773932252,2.159491708845193,16.846088746221422
4.004790843193257,1.4700804084109296,1.5844907153056509,4.521579803906281
3.4534194484645533,1.5596150801182762,1.8713324205374857,16.586518295673958
3.100237964274401,2.0128588478955294,2.007537853770325,11.578361795376027
3.7165671253863444,1.4756260872672984,1.8030104681988108,23.34057805195981
3.010710305006463,1.817745505442094,2.028643159650436,11.846853039725104
3.515322258498279,2.213259464817762,1.9068916983450384,24.480314440378248
2.9082395724534402,1.2527752658969935,1.9185478116682266,11.356587281819527
3.906100416516887,1.9289454841265519,1.758649347549955,23.00946567499556
3.5043106856739525,1.6759303087847746,1.9445979459501521,13.19143829740398
3.2324162471382825,2.111754526152248,1.9352477407279836,13.397590673047063
3.7416382472793,1.621860555924947,1.9610012454233103,17.458153017766215
3.3275041536143064,1.5456884653204641,2.0060508448191148,9.62155347952383
3.4293846874628446,1.0965564935085321,2.100974140862248,14.533458562366544
2.8771628019401367,2.296346437242834,2.0643263424644944,27.057828479061683
3.798112300809729,1.9588036373658555,2.178417998813259,10.529517129500299
3.2360643453504685,1.668894767020392,1.5514797196968686,13.936353170159082
3.2873114630635394,2.141029815399523,1.5319454057790323,8.316125828499374
3.7933197583861555,2.219031079239779,1.504268198952306,11.515900800874887
3.03036546577519,1.2979496433401758,2.504198367168598,17.65035121172814
3.5259627945992946,1.6382935924184605,1.5907072137132017,21.06965871601399
3.635583830473485,1.5201677590388414,2.0386778768963794,24.13075011138417
3.5237457486563337,2.3129751200382667,2.150478222618236,31.859517251917605
3.519219935690875,1.1462247910538783,1.687023826345943,7.151789867363367
2.523598763778177,1.7298568971744603,2.1652413892863334,16.299961792029556
3.6368269743821786,1.2257498691967597,2.0163698376140333,20.975804334045066
3.2255093149475096,2.014585120844083,1.5274489462173757,15.999919096332738
3.524884568483948,1.520562928495016,1.7301127135543828,30.710958482887825
3.400931042010541,1.6394379727740385,1.7711524003498094,18.839977293383672
3.2697743961693413,1.796922715172177,1.3775400112303948,22.568450089468026
3.8377823797405624,1.7535223874568624,2.266791658451485,9.371459708093132
3.784092809324621,1.192014170006392,2.731055207926234,8.343004184430443
3.8546049894762158,0.8862003748072488,2.43164044483076,5.952694269896686
3.6742011495877276,0.9996917178950373,1.6240956053732656,20.62279213494187
3.026665480757574,2.2243507312823847,2.587971594284411,39.8869015089059
3.5829845221883003,2.692950498221089,1.5676887933477854,1.747225807258349
3.857072915210345,2.335666972898274,1.265647620719491,3.0205277506913846
3.2599803101025437,1.6047500906001573,1.997265915485009,10.117893122959504
3.5223879565165883,1.929285377186991,1.859825884992157,15.225637017793575
3.5742247954093647,1.9671772732421426,1.798849895375583,10.088404967418581
3.077580269580157,1.8735507793002077,1.6289493183136372,8.985709172651402
3.7853935167811534,1.5340846727618198,1.928892073300919,23.61631839778069
3.221072597069583,1.5523827035165478,1.6135414383559572,49.03866908414184
3.4663719633897645,2.015101776211254,1.6552001985103324,4.5946204767754955
3.4082456444873093,1.3593883022849163,2.1398801258694085,30.794357631030298
3.9168228504675056,1.942633120819438,1.9537766076520025,4.860458787553255
3.1139990880160213,2.127602415961375,1.942334113276615,15.769768394333843
3.8835488724880936,2.608624972005666,1.606355976927249,2.379391547041548
3.323348641544001,1.6088671168248632,1.831114840332151,31.52579558913902
3.782499660915102,1.5625188009323225,2.0607081872305124,12.258858644318442
2.7539305539301204,2.027032554686036,2.0969423169166737,29.78099495215128
3.615055739865613,1.8634944281903933,1.9976663453795818,5.822385953647642
3.0708436366784087,0.936470880782803,1.938287417061746,6.80945462458568
3.0027212072961955,0.5824288249118182,2.2759688653864973,36.63829914942256
2.8484189686141024,0.32529548466785224,2.6134477726464342,9.384168334720641
3.9234111261111253,1.814785248248113,2.03691408932797,14.185453345907952
3.004576620987179,1.7913348899022803,1.7069902132322388,12.127143391779136
3.187431371963095,1.6744714156993408,1.8419221142074558,9.805417548217724
3.6034197576546303,1.9147736836838976,1.6585820684217,8.802696295744814
3.341000656294875,1.9739365007753042,1.687269075909598,9.510986565421865
3.147864441499404,1.9631521121478035,1.6258583581574864,8.239294567028043
3.234687369151579,1.7179284808688324,1.7873566100348575,9.227843989107622
3.650242228746492,2.301707362394513,1.4064225441914076,2.66406510961953
3.695982203693189,1.329166299489371,2.373822113419269,42.00126563294614
3.7947104777235903,1.6809509557520852,2.1208690226661226,37.980117001277826
3.3353849424202715,1.8918624421919272,1.4832116771549795,3.6037154053743463
3.11199949916998,1.9480025753203154,2.065335034642267,6.095114197719684
3.443299707804909,1.6051776419934647,1.6535493655780549,18.14388972607897
3.4242641265413214,1.949275032510305,2.564907154292425,11.03537183124804
3.742003555375503,1.920997888209343,1.3394757241004274,2.964551983128688
3.780947268577899,1.9203100398893618,1.386021996377824,3.798430353334517
3.1406273540657748,2.174496037194211,1.4800920063585652,7.266174717832004
3.712661820704506,1.7035912149301455,1.6780811699347524,7.278519624725089
3.2177682694781113,2.0164596393036733,1.775814457956958,21.291505374410654
3.6309414934023616,1.404221795080743,1.7829162896714574,8.262030625577939
2.9778744686560814,1.8396204641019664,2.137334320894213,32.725864232414416
3.0767403326853766,1.5073882595943031,1.663094643058946,16.225588578778286
3.526560615268798,1.5952733416472293,1.86563355081348,11.67180777772781
3.8861613419720222,1.6020325320713098,1.9577311875388446,16.24461910020606
2.9684050576318115,1.7967669291275716,1.7914919179805215,13.54957331421763
3.9369530889502062,2.287187327427481,1.355946463170369,6.799872150209303
3.8563744695769118,2.188148261009221,1.5930303714376923,7.006680210358522
4.03651297917014,1.8645691370901778,1.759957628683991,7.587618238459215
3.5715604224705886,1.497016278706351,2.713566032529334,17.306193734429147
3.3776665514415734,1.227312451868217,2.2819520028578317,21.356779509565676
3.476461697812382,1.1954682416039029,2.0763560293800736,10.03078207381396
3.253749720283545,1.0459439292558492,2.145839714657321,12.185940550889711
3.782786689409904,0.5050414828403276,2.035032753680653,12.957105385948113
3.505556410788931,1.2649564497031554,2.072203331612214,11.828044093723015
3.6905974087137023,1.8776279796487496,1.6255633933768638,43.817791042013084
3.3273889398254632,1.400526489745902,1.974456510127998,9.891298678097638
3.7121676116120996,1.7656344824842123,1.8713844996828963,33.84884144052038
3.202754605694112,1.406156569379982,1.9686912189094516,6.204510879904637
3.383401788371288,2.0352255386874436,1.8185473898288789,19.133313543167727
3.8725377655671536,2.0404739025950143,1.7602877243992328,3.5047414718005054
3.1718089470445863,1.90131953321383,2.2571557009279024,22.389300866292913
3.129152021170531,1.5304214330919188,1.817267216563364,6.13357609808635
3.4749549015000407,1.5998138453207964,1.7053911811606504,5.504552496773671
3.4686721224281016,1.6353690094151445,2.0517100844380436,27.136466392020715
2.74658139027442,1.344167721703302,2.0140032173606803,35.072248775299585
3.48634278781189,1.7906529894289749,1.735179723007492,7.027301580076987
3.5187724115149983,1.942453022836235,1.6824328936244084,9.285605715936018
3.121746782764487,1.7479056366383683,1.7093799329438815,8.923328746549222
3.44019383064062,1.8311042826291144,2.1654163195823415,23.875467573790267
3.5211033123584157,2.421586032553619,1.6220127812608076,6.25254706125996
3.279926231648905,2.1102885686865234,1.4099496932466666,2.0970034800531283
3.6992150399828456,2.126935113306318,1.6695256711235065,7.111027507228682
3.7382474702362636,2.2303315091967204,1.6226166645589672,8.175191233838714
3.5819496973991036,2.0698158685906574,1.7138988024033,10.95958220542706
3.542965474125996,1.3271596890263904,1.585365731490381,12.4372122243467
3.1351437444533428,1.8348509985227766,1.7249439450725554,16.66468429179152
3.1603791944908326,1.5390149715880828,1.7914983273386973,9.128817285329703
3.557350136887349,2.007897248097838,1.9061027186612047,20.85353048574244
3.282787007049768,1.525446198390415,1.8349373571668024,17.022426419687903
3.7837307462297223,1.8396762222954741,2.6783396585003714,4.619512940191298
3.316149251791769,1.7150193526297086,1.8135737815618018,11.971670155047086
3.0578183400782715,1.926259399391737,1.7068071711994646,9.73436756222818
3.8684784845328792,1.724853388027597,1.9054435449875484,13.172401491933302
3.878061892016932,1.35949231336822,1.4988360885869172,21.131838677737132
2.854314562731537,2.469091972406849,2.198911986207103,4.223932047319534
3.2324106841380704,1.9751961909208786,2.0779752922646875,3.400239513601536
2.974101321375611,1.0093637061406493,2.2169285264121172,9.679723325393649
3.2358737937736644,1.6063364761676215,2.164064512264967,8.876796222075832
3.7187942967358167,0.8113121394001608,1.9928109843069395,6.045114061660322
3.5194796263288874,2.7514211718031785,1.6621430839060276,15.083210054488637
3.8384305734792723,1.1378516983357891,1.8534910105190037,2.111472337853113
3.5843432631943473,1.172819672415788,1.5498833135978078,3.2911984742189566
3.4729437906040532,3.1358241794507777,1.6582837472694663,7.035591832237895
4.137384055348169,1.0986017694564514,2.033928188710965,7.742888161774016
3.1275834062647436,2.2580031526087905,1.778576326305975,14.048462570500831
3.490528370731466,1.8265294268927954,2.369590934174967,19.01955700532168
3.3724601680691366,2.4402597350546413,1.7978878721335634,82.74290935976977
3.6619440287395806,1.2704260731193966,2.00059805682822,9.155630488213426
3.859306660701261,1.263281321296284,1.826281976422894,11.4391477909427
3.149714730344873,2.43583701017952,1.7938311818355612,9.871853594940566
3.140441663896044,1.7951226373664708,2.282219661262904,7.343525311278844
3.5541041942885823,1.896789165396346,1.5751157570198275,23.863676004472445
3.5505121901555943,1.7709263396368107,2.304342956516122,7.143955741150738
3.601079225044025,1.7552276011225107,1.8058437270428056,20.802515579246577
3.7753627480573346,1.92276078650743,1.6778638218205741,26.658573219355933
3.089292361714857,1.4102085919385348,1.9258265217927644,16.718468452224304
3.781255774066301,2.202805453342126,1.7284605001741735,9.350785322564034
4.0589368770197165,1.677334701453992,1.5572368326061736,1.941723024796238
3.0854515784651375,2.038901009377596,2.0103921758107135,37.41271790384275
3.8993943889222877,1.6583096111953834,1.5534425345862986,5.162096428467198
3.0061736723873644,1.6811151111139568,2.0104400665196667,27.549902673506466
3.164539963341479,1.889083816564761,1.805019434304827,12.447823458330644
3.67312669836692,2.0655098748254934,1.6980731359268408,31.96427309165351
3.2684273220006492,2.161218143246935,2.4777699999584955,6.7987218802956235
3.4024635631266964,2.2353299556587234,2.352079650556197,9.204481034445298
4.112975150022495,1.6743836377097854,1.5827133657139147,13.542334350324852
2.3719906406301883,2.5701380893716603,1.6445846784414313,2.072459095207656
4.007195954681168,1.3224853436130806,2.8530725280776386,29.280120300735632
2.847736630345139,2.1881208802292176,1.4242026790907765,4.165484308579368
3.2978738713349514,2.147633545824729,1.6156402615894447,7.171766603710427
3.082464065868377,2.1896039434802965,1.6301659523293228,8.584993716938225
2.774782766581364,1.4577621571007509,2.029580718595246,17.023214034831824
2.5814855699747477,1.5825950311447472,1.7841495456613174,18.28086169036015
4.156795959423147,2.00919827281803,1.9487683837955325,16.11562347767339
2.7060487490686267,1.4668485939975273,1.7714218490598057,11.69787371016174
3.288613777502457,2.1126225411322523,1.8201197522690984,10.408953432356496
3.9293839656547416,1.4479681995488107,1.8029206575230101,11.623565826214293
4.234681562894363,1.0550555353614979,1.7920362457437105,37.78189360717498
4.1906542158857665,1.383818149391108,2.210502644749121,31.52749167707336
4.057923322467051,1.196447056517479,2.1141980067794086,17.757971351882514
3.030415350117895,2.575713113378944,1.8734150401812921,15.419761054686141
3.8697912515129733,1.40834700674464,1.740950955486257,18.879342252829886
2.8105336126368545,1.9750786754712126,2.0049132801613228,14.31563700241425
3.894559886897467,1.671864483850813,1.8113395249799176,20.064044545618682
3.0924303763018313,2.116761903734814,1.9427470532816733,13.786650027860563
3.729266626408245,1.5013196204664205,1.6628443977149878,14.48463174409214
2.5250672345467384,1.8674974500661405,1.9550609290098129,12.967777857195895
4.238752625548367,1.55607760106643,2.1951230291200967,15.064612472837968
4.516403898635941,1.8186562729366857,2.134459950502954,48.376988866529196
2.4217940571981456,1.277270081353631,1.9943691052269987,7.339194572208601
2.5370120056573557,1.342853815866009,2.0601362133104195,7.957779003144636
3.154851781193703,1.6246016024920515,2.1455022754385364,24.084535149694478
3.1338051819039454,1.603431167394822,2.155985854785076,36.92784736411967
2.6897238708641416,1.2217973283918664,2.572816310071304,7.586970705866889
4.080814094501984,2.132457253039288,1.6472642420524113,11.946605786058381
2.640971491131544,1.27134127407523,2.371963998187354,20.596929248941617
2.0421775618598974,0.9705127378667157,2.45913961909173,15.87476946146262
2.0216132575307366,1.590723097962508,2.3865343976999536,14.350897747773887
2.2732349168340282,1.6629614911998225,2.2401179705008727,19.212475484789525
2.2984127626554556,2.079920923626209,2.1734095164626703,52.127288923721196
2.7115115259969924,1.5232295310948312,1.9150697563474106,40.95107130827445
3.562698551947812,1.635741209307662,1.8743721693428625,12.999321269328375
3.2472716080733233,1.7001353249856774,2.011078279963792,22.35039624877667
3.4690524989316063,1.950710457295747,1.8336535923138855,9.44738472376363
3.754159247604031,2.6945333346932316,1.5947625690255856,4.538816966594454
3.5311481607015596,2.2473067600854284,1.741205917298194,8.130265056105177
3.606185758929297,1.2441079301515254,1.9629270357385826,13.449190905864947
3.2051441690837836,2.2970002341136375,1.8562513575614843,15.839364622846288
2.9983324033439103,2.3932430017869377,1.7301535064614708,23.100371613652385
3.9513353499877963,1.2889153127980066,2.3937494927605907,8.610898716984131
2.6773617399715395,0.940652253223931,2.0357318140722263,32.17682205780535
3.847698004138645,2.412832009493291,1.9403634150551083,5.295563246122311
4.026930058867573,1.3668162392858492,2.243299008884911,10.557014960390813
3.5227984141910196,1.9136134690872468,1.8740846024959465,17.295145034911027
3.472562772987679,1.6727665872890556,2.4102773144139165,10.36941421893978
2.983708452384049,1.5934568798408082,1.6266920187703091,28.11142247750026
3.7443330066411655,1.9579920507535626,1.7526592130572056,9.7425909443576
4.183561203854153,2.3149188293688923,2.135107519212023,12.415666574608343
3.7227743363227273,1.6519261111234849,2.0915341161310645,12.633227922143552
3.1750138128581478,2.2061484178040587,1.7136679274731852,7.6062678196333895
3.8595469116473495,1.1244625407901214,2.19763590110496,31.13914558146579
3.1668100416191836,2.6043975466982916,1.7629597001020154,6.242152016485866
3.3543588800001416,1.8789969447489416,1.667991036909854,6.42734929455915
3.54066325649451,2.1414785344678937,1.8134206314299608,9.39252612862374
3.5116072723849916,1.6629646163284222,1.8319262146959396,35.49702159525356
3.4230470015114123,2.104524902494733,1.6530184091716749,5.52099243932956
3.8378668153769593,2.1283875496574276,2.128778457247217,24.509558894926737
3.2075290582999734,1.7148759256066972,1.6215314840583648,7.321911923627162
3.42097568191269,1.5760876073307661,1.9858380822721682,33.8189052393271
3.4803004462784695,1.776046866914091,1.6966124939043778,32.46156887653819
3.504080132038186,1.6201091920557027,1.710088792447342,7.760978102092617
2.804576981509232,1.7176221008487915,2.154947093341857,24.53047775143203
3.3551863222948235,1.2625772750738984,2.291907976831692,14.418948023378938
2.950265547140672,1.4578125691978316,2.7924531118811404,18.4765990037766
3.5974328582540434,2.2245987526206563,1.396921581698226,23.20504511327337
3.547753944225879,2.1793524029386315,1.2922480258951272,37.378800756969504
3.6562493899713413,1.7512799614480334,2.209266960833378,6.712119178654038
3.2192362884394448,1.4364943466950326,1.9066861558927746,15.200193371827735
3.6000681912221824,1.4234706558079573,1.9740457865163,37.5641828989164
3.780128157958626,1.7262273657492313,1.8126447484423196,16.254129151563113
3.8063719794060864,2.2787203948299095,1.8878008525411158,4.195245651229027
3.1702899716854565,1.4769234788263979,1.820864845411729,47.476775744017765
3.8100573661088313,2.571016863429013,1.815508518495569,5.488023476177759
3.8714318185044054,2.8015162375665095,1.9901104711342394,35.98832030317554
3.6639596581421503,2.506086727918715,1.9416500226664313,32.22677000061561
2.924691104534437,0.965010439581547,2.2342304600180776,12.843640883138423
3.7784692040350554,2.56176529956039,1.895909766304044,13.750266868321598
3.4189944002809476,1.5715629203900394,1.812274708949252,4.199019005834131
3.363801046325021,1.6901501083550334,1.9580699341163341,3.4726869805470213
3.250397012913821,1.2281026924080751,2.1853422948930805,2.427018152685062
3.4073205920652967,2.194080860281035,1.8681363846259074,39.516497689286865
3.211041970469151,1.7777004831349932,2.266482799443387,5.5106282852164545
4.011176608462677,1.7463364708894482,2.122309780185183,17.149936960039035
3.71775696628858,1.89670834633892,1.8255903814708099,11.333671792766028
3.18683502894776,1.6233478055440573,1.635779199139285,20.70147338227314
4.026195232142586,1.6256355841743302,2.3684000039443993,9.644245393878498
4.150753715788314,1.4426723837192528,2.229165095704495,6.383947424792384
3.1956057096350277,1.8262524419196096,1.558057795577975,26.296719879765273
3.747252026040081,1.8025424418465053,2.1041197313008175,8.707764326035692
3.545168935880433,1.7552039029654687,2.0303025105369175,12.610436652006463
3.3963055209846735,1.8377780326313065,1.5313181744485522,7.295393557845007
3.2124395421093874,1.609143106045138,2.297642731561927,23.110763484423885
3.0878038400369965,1.4902236398772641,2.502335044795843,25.66096997009361
3.3993856488306737,1.413289694260811,1.7342075247776225,20.071625282660886
3.189360429496176,2.1351175701157468,1.9477646406563836,7.77604640773392
3.791806054830745,2.0106344306880763,1.9379468393059496,5.843075562698871
2.9727598399325497,1.358774152904828,2.1010387748175976,14.811223685441378
3.2064658384370643,1.3599074600799725,1.8787702506511186,47.96816504245498
3.769610428756187,2.704374093289535,1.8764243610216902,4.637665699273782
2.878300355424081,1.2500929189927832,1.8151272289642817,16.55080322208272
4.082273352131239,2.450348274874846,1.3301807531583891,4.618412889569653
3.6525491555898215,2.3590018728840683,1.3132773267116498,1.39844839675571
4.053102188471431,2.2585689581014523,1.8618619781524492,3.910362206017295
3.5396734276453827,2.4979546709251426,1.5501056653511585,7.0379992005156184
3.6307643267509477,2.2533395867930075,1.580412733578184,22.202316637389618
3.590598839385299,1.4662330317940744,2.292200176448661,13.635188695496351
3.418251968289371,1.553037750931162,2.2443746376763376,11.514669500022034
3.3722409986207342,1.3234270703857536,2.611206797672113,15.609065264669658
3.5230070247465504,1.4100406484053098,2.407067542153854,13.494566167046589
3.119555645423384,1.174018064954294,1.8257912316605114,18.591268418997508
3.8936831252684305,2.7051209020509996,1.7546653140982098,5.150058855217758
3.371378905016962,1.685816434430459,1.4435297833651461,5.3429419234629
3.2807986216881417,1.9341846280952733,2.5482616575700603,26.86897683919824
3.51332944744924,1.98453561528512,1.3642576206770773,2.2613464114339528
3.8238346470406888,2.4518640769099234,1.2968885535540278,6.432231775804143
3.9185184054780002,2.1035285643938915,1.630785811351698,7.9890538211612645
4.084229347481178,2.055572902173291,2.6586321338797916,33.344585877345146
3.511816447091635,2.3712494895401366,1.915478079283317,19.512965622383703
2.758220618254149,1.4275528012342757,1.9221989054197037,20.333816028020767
3.8602176494908274,1.9347060509748557,1.9348447584167994,16.633406189717697
3.0697082376155636,2.1229758678860544,1.309579923215075,4.411380032873154
3.5385492134050436,1.4614171857588911,2.812455020607886,31.15597626403173
3.186817597066799,2.1626831527304686,1.3929885453695334,2.8523497283431625
3.558790689894298,1.7949280657674067,1.4954489670784776,7.560258262066612
3.1988927709805832,1.3005001517421195,2.5160037405012377,19.465503059170153
3.562453332404787,2.398314599878079,2.016507044604509,3.4484473759159746
3.3322876026509882,1.5212322642784686,2.13666007442139,7.1552522349398595
3.0491899433294543,1.707194585144244,1.7168326946394805,19.62082506475729
3.670344558204114,1.3558800619799507,1.9957432890388513,7.573974072680873
3.152510747401055,1.764644476076708,1.7945074168150696,6.524586518788505
3.4312206396313467,1.3645752851878727,1.9134519025071668,8.929301253301933
3.7370254087317623,0.8263792660702218,2.0268017144289567,13.809412206511395
2.764998325835436,2.2164781489866168,2.2466488098031276,22.34736010961018
4.159752379452732,1.8166307118444065,1.6670845208285334,15.167939357741286
2.092940709672656,1.4761946108233441,2.0728228889669214,15.488653780523311
3.267217720440917,2.38923953917773,2.110964610688,28.811718552951387
3.5104366169812145,1.1856381921076824,1.8326459839235967,6.042826958769739
3.172132719002629,1.489949543558247,1.7725325543079333,7.323291519029008
3.3679734635531773,1.6586313829734611,1.6003576406989062,9.825306411488354
3.3984594177823673,1.8487925880905671,2.09380174649614,29.109713440811138
3.355523129784956,1.69329734029735,1.6101651526871277,5.510909622298584
3.0507937817489625,1.8863457978022675,1.201016281364862,12.010433518282907
3.069463251418753,2.0804731677165935,1.408636571683564,10.581098656318051
3.3268100834556567,1.8652423564865273,1.4442844966816806,8.499496129780386
3.7328772754910493,2.296175322032723,2.406821822585547,17.351804314830122
3.1773627179363957,1.3977461474238795,1.5321051801743042,14.941580535670196
3.9810641411107985,2.2825153458491534,2.081678441202399,6.077850393682955
3.6319908325842953,1.3420535832035936,1.5128055876646829,19.545322346361864
2.955876844314468,1.6345473228921465,2.2962913070358724,35.105996390702806
3.19619659106233,1.7159656072513807,1.7038763933916337,20.199687290984834
3.588327295305469,1.7558041097754034,1.9318109718756868,10.091367370804079
3.144380710485929,1.6256833687025936,2.031978245783559,6.984102766146343
4.071144137443085,1.6931574618841079,2.2443086004134765,2.456980686197508
4.034855398460201,1.6133848139547768,2.1218129856705445,2.466517753731908
3.667281031653383,2.1118002804489797,1.3661463587745486,23.881517641004024
3.4212658473413056,1.8497397223823744,1.617955055602729,17.362589350186095
3.3911320533095664,1.7272724174415939,1.6964834481670201,16.959548903969626
3.4828690705739733,1.8380918837021474,2.0827701243836554,14.147245944912854
4.182508691598097,1.3435603428326393,2.15927491030596,5.606048300694157
3.9437218120314266,1.7070751560415705,1.8494926674720757,9.176299610562806
3.5513799833020543,1.701613250594745,1.7407046820369514,10.70944411076288
4.013739782116726,1.5162301418569715,2.4380652659404367,10.139711967019513
4.096425427678182,1.4974236948802286,2.6526418675595815,3.599103125653402
4.292461307849106,1.0707625001861327,2.1295853296773424,3.0150753751854484
2.7301622356258424,1.9316598009895614,1.6610346512668515,25.492574860727416
4.383132214516723,1.3707226702640327,2.162706002611491,11.244969725429268
4.174313697326521,1.1820893240358123,1.9332584992808688,15.437034091912436
3.6971043107206496,0.7499154688810602,1.5554448827619476,12.61202473443216
3.8070897984724485,1.0606863741662982,1.4487626892468535,6.915333196751776
3.7087860593673696,2.0246141686980383,1.8698976655517594,12.082463504410605
4.00783366953335,2.0276821951197546,1.7883156234285742,14.000275032672624
3.0316578635271365,1.8310636806509606,1.9656345955181163,5.4986401293222995
3.1203726298914742,1.7502547535999626,2.091010297237952,3.8731323504276705
3.636714669478309,1.6166216799216917,1.801190692216812,55.877369695342296
3.1124553813362317,1.7551517352011778,1.867491788036833,23.094644940233643
3.4562705043055546,1.6284218514080713,1.903145399070713,14.990291551166548
3.839327584659813,1.9504431294543743,1.7500683860904138,15.895596339722436
3.4223315085686887,1.7450637864933045,2.440973943831716,25.816687235873008
3.3444618498060623,2.011890198500071,1.6374081150124566,7.2154351447315115
3.3364422468262807,1.547781106748181,1.6951364274275642,50.722083945957365
3.371128776249193,1.863500331148021,1.5412828837726138,15.985481123474267
2.8641677941216113,1.921554831866734,1.6551722894510148,11.081358646638222
3.8986426681266013,1.4212772459697895,2.374257960688318,13.611782821180547
3.9671423187553034,1.7765255863226705,1.5975490759111186,38.851739495878505
3.7147509571296746,1.7846245701726404,1.6156892402626815,35.12615462697865
4.087965747330132,1.6181275925907606,1.6344877018340873,19.710048613915006
3.5350831497715243,2.1487306231947905,2.1503647346077637,26.758314165457385
2.8351889878195182,2.0169643839958695,1.8829183568852172,7.251484683692082
2.6556534961813667,0.9670622367496446,2.146164862153128,13.000196126762079
4.160358885035067,2.486012367255666,1.6220961533359637,16.49038239431093
2.5979991121031487,0.961865086947588,2.349983675133188,9.52209049042627
3.872184884852943,2.15577718537478,1.667648503234785,50.85929307363739
3.50559953394585,1.374435006710293,1.764630593559314,10.576867613743167
3.0947385159046106,2.1970081742835004,1.8813892210556922,37.46375033657918
3.2959757719743847,0.8567441606985593,2.237533475014983,6.963832352069156
3.5699627368281504,2.585556575382124,1.7495719656847912,25.279171088052507
3.4650107342328735,1.788910578840443,1.7030301160653003,15.473554828117473
3.310201841961895,1.8686929040076479,1.5433001778670117,16.8069209000729
3.6803725918472416,1.9777326093622962,2.070090589612955,9.215077790941153
3.3499003759789705,1.7270871185232484,1.6044433105428788,9.966662811204046
3.036853107276313,2.008068921731003,1.9760248067356443,15.638231664679276
3.589407398038614,1.4477719867171415,1.8194644912125275,23.196875811848358
3.5858680843391086,2.274303690009358,1.8333553070073358,4.71128486757767
3.425179880780417,1.414837528825048,1.708685835083051,30.87523955466742
3.592661113478918,1.880610901455053,2.0945346742880906,6.552146438290011
3.427549259909255,1.9003037455650582,1.5604461466782318,16.17482594220045
3.1214879356715866,0.9969249670705417,2.554027687483365,20.425424799396012
2.917973765755434,1.7297693957309572,1.8906554088811243,24.63941873252128
3.901633714884978,2.344906217832695,2.045148064707059,9.074398620563315
2.7621956511629175,1.4574935968852398,1.852305007205717,36.39957155942994
3.2690461491027207,2.451789007962631,1.9436636863643826,15.810106333335613
3.505125279664694,1.0633092140917901,1.9465052389786446,14.247044089843218
3.555114633922231,1.0608378415910065,1.9877098870254746,13.266651366010976
3.471387348535575,2.206753939759319,1.9639444212828763,6.104427517632103
3.5478454895736524,2.1000467364754636,2.0187562690886387,5.542945511904853
3.582832143351873,2.199834557616575,2.810312003817606,12.20205714815471
3.682106663479173,2.0007357939774906,2.385449249554206,26.797011697847562
3.5910063486670687,1.4867129974646214,1.5496136067667161,5.5824322897179695
3.112605000160566,2.4591047722208836,2.694225042092781,31.79567908607178
3.4350577573332997,1.3414466066544537,1.272900296604207,3.655210669874128
4.148383516292801,1.154421065583079,2.0107224548720617,12.926957162978157
3.502646825943383,0.9679587469269367,2.1220377851289864,11.78118792849395
3.690545141746359,2.3139462249757554,1.7746998405168835,17.31794136956728
4.304677577266197,1.5700511092023757,1.7220764672905424,4.759185483787099
2.4945127763681043,2.0086778196460187,2.154307275410399,28.565845333707927
3.0855011546597346,1.6710800717815548,1.87342358002449,15.853859461292544
3.70754617775467,1.8544770589365074,1.8385384873782828,14.743193497288534
3.260511829962961,2.340237271044618,1.9737988712367922,5.213907886890238
3.5797118177919534,1.941752336835485,2.1118332288704003,12.507960411552032
3.2196844099413116,1.98187504388458,1.9471199074661674,6.6216786579306985
3.1878682826629006,1.4494009446755283,2.104956975045862,18.044488027734356
3.629551011634648,1.9455988143326022,1.5737664197808243,13.83307974881902
3.284260290158232,1.8346488464738309,2.024830137090586,6.912714797824435
3.1844304324423476,2.607207228342981,2.139473519404128,17.864764030519957
2.9611417634736785,1.6845072965427246,2.170953714401401,22.500091847940165
3.327268235633383,2.3960694330236976,1.7594367179953692,26.595774082384384
3.7096173855027903,1.3932846796483138,1.8959184027295777,22.610408061821154
2.8862910939742346,1.961334886798809,2.3868055476912198,15.328575801492978
3.5434761878349423,2.0384637927182383,2.0637814740630964,7.813212758694379
3.8504879832743875,1.5529241866678922,1.9557328230131907,25.094134451190605
3.073164230722737,1.908219060464198,1.751236754527921,6.521020041849738
4.259910349901097,1.8545957845107295,1.800647000379957,12.153931616519055
2.5788621246328267,1.6778364484826243,1.8705113237192585,13.046461337249035
3.486687598679098,1.1244784163550023,2.096690732174728,52.642637947610474
3.5145234782691523,2.4854688505964573,1.620582183928121,3.6821962191712827
3.015006539258432,1.2524880455735565,1.863959522197472,16.900043663464512
3.2564380179447583,1.9296235238153319,2.3662252315488606,16.843746624467723
3.2131394926520143,1.7314332695264656,1.5497055692567498,19.21495124382764
3.565277013232091,1.5462620339704594,1.7435536329925114,17.05426985858302
3.4780200566450463,1.4567678620043858,1.8246585628473178,28.98158610174175
4.224279076211859,0.9739209590990844,2.3268396463794954,14.36536654728515
2.7886668083248294,1.6803586754334696,1.9035973329514122,15.903550731139358
3.8722232153835523,1.1527370920689197,2.0317130124112524,16.528290160506952
2.9847586066013623,2.2973268916344547,1.793678708903488,12.955513307898395
4.223732238986811,1.910769577656351,2.021209540954904,8.25480828095915
4.281215251400324,1.7140435064199284,2.008488154838632,10.243650747169651
2.7009463561955562,1.8365445506255416,1.8644447546998193,17.857355592285018
3.309136717238187,2.2171757685766953,1.8101284522778416,16.985578165780957
3.3767273136469385,1.40126150503316,1.645507490418989,33.03759366134451
3.351788120423635,1.3972507761317716,2.0430690664463227,10.060542405190738
3.5802140031801364,2.346583378685992,1.603893253796268,14.424873183390062
3.6468951280096347,0.6684172515857448,2.320317811523982,13.72915418910192
3.129110462967438,2.2316981522190935,1.6839837010422836,13.523102501571817
2.747711159286945,2.0387646768681575,2.245976637067793,17.802856857704572
3.6212193344119723,1.5586879428273885,1.806211192313873,5.580087521467252
3.2994584629103723,2.390018703196991,1.9658623936010018,31.71351333562571
3.4332151181383272,1.3850424185436152,1.757254587013999,3.773567352762243
3.1394527266754086,2.166412385515663,1.8945556278772542,19.718027667516676
3.0867697704851857,1.6718681582624162,2.0962410719445463,9.090300225961135
2.685814396489334,1.3346875446329889,2.268942688032825,13.648598730713982
2.8355910345848487,1.4319058883572282,2.3283262166144136,10.468154184821936
3.444076208647253,1.319307476742823,2.1057563523731107,18.254741833409174
3.354353774363724,1.9526966633091445,1.757926702946732,9.408335598069634
3.3313064686655913,1.670504178613993,2.0979891818894076,10.804801087173857
3.5606017466615243,2.0338676354617244,1.6308296832612919,18.4232008700918
3.4362239983982032,1.6566848541133956,1.7541813271957805,12.751551844443021
3.4196960967441146,1.9128204645725633,1.7071132161855374,5.741086311264989
2.809295358697264,1.6045237363116398,2.1502625041873693,18.919432983807106
3.4986966119924525,1.2322819320463905,1.878916233983001,13.112277791242867
3.374571764214315,2.3609657490081246,1.9268962692749878,14.668937663558657
3.5193762180374253,1.6401881799604738,1.940281222309573,14.67445154852877
3.582235296232108,1.307553632086675,1.7554427174413691,16.23325730576316
3.102250387284938,1.9898095113101226,2.0226004376211533,16.65005592486185
4.0307738470132275,1.4287845076320984,2.2172283471964698,24.00534316202527
3.6025928567667673,1.9731524771652893,1.9975636900377411,14.798942205070357
2.7251140803712635,1.7281328662709547,1.967486573726724,16.99903471311071
3.995267732127228,1.75993031533192,2.1355421337659757,29.055643685705252
2.881801712533857,1.7181664314244383,1.7157129399862037,5.493161361862469
4.362948681464158,1.7178773308403512,2.4254511183596796,15.533967257184104
3.681121807632235,2.478790299814852,1.5579269385139136,14.774574253526183
4.083393587762517,2.1418212476811966,1.8817181410638495,21.19055034138878
2.8660088962652877,1.699670452086259,1.8753377379051854,15.128350219302256
3.275088571189701,1.4908282349067912,1.705811895829603,32.09710926546904
3.0274170514618204,1.5346668989263195,1.663175546254509,38.54597447813563
3.20369733578247,1.5816080470829088,1.825546064507149,15.779644021241952
3.9988261363427284,1.9198431569903505,2.052700525592726,18.72174929936661
3.2688139607682016,1.4414698836253785,2.317661487141529,14.94901883712074
3.694153012383164,2.5210461523922003,1.0861684408834589,2.4255758518995867
4.0484308411454375,2.3737098148855775,0.9063474687044001,1.1139498061619049
3.424352381993612,2.3472287873063467,1.579485843378227,4.475789466164385
3.4707883227369707,1.8436116234912792,1.8933061867145293,6.758905930870286
3.533026683065709,2.1430168781575465,1.8608968163882114,26.972625772405465
3.21593583712633,1.5467507422942957,3.326425420452423,7.899920983973604
2.8748998867108755,1.6203892618241977,1.276841660771713,17.014523460737927
2.958872799168372,1.5493928255921743,1.4279112516324381,9.696229211747074
4.121869022652656,2.056876458199696,2.347850514209466,17.54528354099439
3.6533676233121573,2.1639838645170903,2.0597614531073547,7.229252125643804
3.4223218837361573,0.7312796960644256,2.0135798249436507,29.62238899592008
3.833308228633653,1.3795908224989286,1.9296866213723136,25.304495384543657
3.7879400514998838,1.5921254281288417,1.9075549522178343,25.898103082931538
2.9097820907717447,1.7828592629690974,1.967608615656844,12.801222704835013
3.801408933308659,1.7807751885168046,1.7316062482959729,14.77187991630662
3.0991693672285265,1.7347219723676224,1.8871135757594357,5.100309723447642
3.210408547619346,2.403556396297462,1.596200823137446,5.19387869067659
3.990841553213811,1.8244924156542865,1.8349931117137004,11.032378277641742
3.158389284713483,2.1227842649061786,1.6562657913939216,22.88797152338655
4.281613513490504,2.7539105514080666,2.1564920215255747,10.234947448210596
2.87824667335596,1.0138870207206254,1.7412948737773757,12.517114488364165
3.150681754495846,1.869353399205104,1.8752785549683033,6.659964104819733
3.2435324175547646,1.563310307331097,2.03621188607832,40.06412606023545
3.9677825159152302,1.7284957801455019,2.181922529700106,9.545344733218439
3.954664748245227,1.4067581159228593,2.2782910855040464,14.636374990982606
2.709570084059796,1.965169572031856,1.608034728741277,13.218798085528249
3.592693623482289,1.1970202179618998,2.3954146390677065,25.861119394220857
3.168513126937672,1.448045638857231,2.1010724469358255,17.882681686693303
3.522455494099318,1.374053192986081,2.5895000274591418,8.541763181920162
3.3473806611619623,1.9165931956698563,1.734744857572644,32.43165515654533
3.3473806611619623,1.9165931956698563,1.734744857572644,32.43165515654533
3.5871999326675232,1.5915136659471165,1.9498695291539614,15.883109723940375
3.150693233201704,1.7798140687571953,1.7327395063121935,14.104604118716471
3.1735620761565007,1.47669739041603,2.0954400266786415,12.051256755927996
2.9490987986882398,1.4993162570271181,2.169888277236222,11.199328181021839
3.331529452176267,1.1875203230123845,2.2470459605093174,14.98912513577683
3.380513983793181,1.1452780326315053,2.4119260066174575,9.18606098835262
3.5210411796190635,1.52916605545869,1.8728325871029077,15.184740148320241
3.5210411796190635,1.52916605545869,1.8728325871029077,15.184740148320241
3.6658515283275857,2.197180066807677,1.97770016924901,13.713350283206406
3.927496776720601,2.13979326219808,2.2840437967507814,5.183432807026663
3.1270703234431765,1.5966111087781736,1.6502681833866066,30.20757720004101
3.7879052401316224,1.8469202325730572,2.0349438852321216,13.399306669203577
3.0622603650766536,1.7981664700211253,1.8328268663116338,8.421853552921624
3.6867653110965426,2.027227502161236,1.7642061272002874,13.505555976645573
4.162885124536397,2.2071891383505107,1.4514458264652346,11.877323300665285
3.8070265282434677,2.830771714824679,2.2325940601441663,13.620928145475618
2.907300657199889,1.16998036490118,1.8018381430325536,15.410668289664697
4.606228135055815,2.1206404512244914,2.091412969356513,11.07434166148068
2.5568924054815403,1.460386399019698,1.8724944692227454,11.13131325445751
3.469088332464991,0.7602437091007869,3.0310121476295415,15.768347555179343
3.6834471793629118,1.06898666709232,3.1851665599927195,24.16807408553607
3.7894854324658267,2.7417975484994406,1.7123300621170978,3.9831772041810445
3.100020761827132,0.2699160686183347,2.03623614702037,17.010491857667038
3.4012485701388537,2.4132169931627727,2.2265146739029906,12.510766586032135
3.505970153042226,1.9925241947159378,1.8497379457334766,12.092718427790391
3.2183902356644456,1.4936087934091018,1.966403930669203,18.089652378887692
4.523601529828284,1.576403482899967,2.350034745763899,19.760279364277373
4.4663240500875885,1.7386968547103534,2.1130809571357707,41.010974018297624
3.4729447268858653,2.0336520406097884,1.6498514799564932,11.062580239294729
3.5012368629302206,2.07749730633491,1.7939262858976823,9.030119550530786
2.8924873831196503,1.2502040057866042,2.0214541770957064,15.148039840200184
3.6324850680280125,1.8169212730573956,2.1512377302809425,15.744373516147068
2.9286286769382053,2.450130908016766,1.939280559089781,5.102428967844349
2.835910746516333,1.946922244221281,2.0501857866058653,5.63237736458634
3.1400204271480945,2.62919493298061,2.0088433925311855,32.05920807513553
3.8772001705795973,1.5699574647045769,1.5322924129720366,12.244518090240856
2.871213894750719,2.079770342743613,2.4147962811693793,11.85945564395768
2.748460624556611,1.8484659979619822,2.4549781016754837,17.244170601668852
3.281930958834583,1.4661956145467423,3.2209556888328086,8.894278731909898
2.781956537325453,2.0224309867568433,1.9667568766659078,21.755265637273965
3.7408357876684377,1.5236466056542317,1.9040197683245872,14.179761647955058
3.3479656974358365,2.4947254296496584,1.503364841741488,11.199342100112393
3.7580023859590677,1.1386672532265605,2.1281926045379853,10.363856838343196
3.133114359919884,1.5038958285802295,1.8492853052107372,20.19621585448467
3.1206225069352005,1.4947180438370682,1.6912590929837015,4.3831774029623425
2.8761018914038035,1.3596932560454995,1.6470759338490177,3.2716218089445666
4.856643214322793,2.4158045237777297,1.8165816056774113,4.019676394058386
4.265572705025854,2.0958687623544145,1.790719347704891,5.060204382319525
2.789642979789552,1.9363548038848817,1.7166961691854066,24.355984053319318
4.0063907000922105,1.858824259868358,2.312656841031953,12.689347258659042
3.2189111064425715,2.0385448514070914,1.7327286677070286,5.316573485999336
3.1151214258248445,1.702498314278716,2.2522200177747314,8.827026850699529
2.940361664478602,1.4151608252522803,2.089826179952716,6.644499638448222
2.8352707971292777,1.1928130080617125,1.8279937749945272,6.168473398437998
3.303384965052496,1.367420501322131,1.9914422812695716,7.4204618230013875
3.459370948035655,1.7213113709794308,1.7058392595323242,26.29478979527356
3.3701579728261084,1.8885820241275475,2.10299340776524,7.26793239000875
3.8586030260047,1.9473545701689547,1.6063972413005658,15.488131226166248
4.263535785976971,2.040892435916224,1.5499022302970686,18.603865446775263
2.5770853438881187,1.7850147535753653,2.360093558880998,7.721018168433161
3.667723437394105,1.907800977070816,1.8101932176366464,29.233213957447816
2.9562406156537127,1.9962998451824763,2.002392701702556,8.241332619210983
3.7070754555684333,1.3431069405716423,1.8867550985745511,29.663850471414555
3.2429691598942965,1.8414458180549038,1.986406035989328,7.900649329657703
4.015325908293222,1.6426645966220317,2.2741668471341727,11.42439744055132
2.7300435967956513,1.8692619609926127,1.5773874747938266,12.719758781651997
3.4613340609768595,1.7750894921242608,1.503276929333634,23.670874615111565
3.3561506094955416,2.1752319727802605,1.905283577350988,2.634220815237206
3.6654887590823857,1.851573681649581,1.7452841853668366,22.261731491343188
3.5543428308098965,1.994567689198418,2.121522986303974,14.755084122671159
3.5816839267680844,1.1057029126930384,1.782105996744603,22.983159122560416
3.5685590818463555,2.2663135450909393,1.8476282407666993,8.381604951102112
3.348163399247902,1.0593843899371305,1.7410000875757552,37.41558234805913
3.264588572629911,2.799545258545633,2.576886023042219,2.84039668286387
4.029300448739319,0.9996687919414987,1.914767953122406,5.121582233518102
3.965517269845998,0.7185178332892855,2.6465269520208556,22.800261661924615
3.6362346826134213,0.7045143916269131,2.7319041917838303,18.883456602566625
2.8821173476296655,0.28625196240120765,2.0455777290462325,25.32378740790449
4.2814783536305026,2.611960317311954,2.1936843983690677,6.997844819762788
4.207263003113383,2.786036922550031,2.268810346948899,6.275042596212542
3.060791876249504,0.9867145241644316,1.5174624823294844,25.566449412880477
3.1047036674399573,1.6490592939739395,1.8743756100682374,22.83128298153801
3.8672530996887082,1.782907466706817,1.819883716752867,13.984448224001477
2.680457767140519,1.7112698657003085,2.2276375058473574,4.572157230502718
3.9129413560164754,2.092766559670649,1.6869602198482838,37.31162095103659
3.3621973716007707,1.9014548954988544,1.4883319069406493,49.54827715355631
3.4008407356936328,1.4318091828146027,1.5016888539248696,14.912050028899719
3.3975689531574056,1.9210501566451867,2.2691599015327775,12.317579966561805
2.33258425601198,2.4007039911742596,2.2472635926807065,12.203483046874567
1.8774046394744326,1.918105785768948,2.221312882428148,5.470657575402576
4.031222115593637,1.6417240917090423,1.7692811787753366,16.47933971722903
4.0140817368501,1.3347602656856425,2.004825437360216,20.871155677299825
3.4515342363421997,2.0408373128185366,1.8184687644248778,13.181077766190164
3.5255167332317026,1.607211040165518,1.668546457742353,19.249538695018757
3.4770464069804494,1.866340563843307,1.6862826022379984,2.5202246890234723
3.5967640551853237,2.2615274987777494,2.5992765954284245,27.682291011435026
3.566616041172671,1.1347476628478408,1.5225340849467894,12.497743632217773
3.4744818762309695,1.5075518715130636,1.9515207591350652,7.8595354304968685
3.3807028791271834,1.7799953631005374,1.8896088847963488,15.507034430005627
3.0597957657611965,1.5753499475338624,1.7910509316969963,9.147483079474467
3.6839351945510925,2.257080831938931,2.3023226463637827,18.278154925959832
3.202271831926715,1.6564657378585792,1.5933176236931748,11.48144317958033
3.514235404679854,1.8956063024399867,2.017657134968068,19.334976167498546
3.2691796159818787,1.5505625609188112,1.7127821005609332,14.618918128837494
3.588762316412571,1.9985672821749785,1.5925003290768949,5.026455850286242
3.5354511667538464,1.7322885534621375,1.6833947982916444,6.1113843418006555
2.9597775030834965,1.523352177466184,2.0966386725950894,19.482370653111794
3.4859106741038146,2.2130771901966306,2.0032983894376444,8.136056957151474
3.536574046606852,2.201211411977518,2.116510374731863,17.089257232782124
3.6272196544000868,1.924716160375442,1.6849141151337899,6.735068754193562
3.267824231762309,1.5796860810106612,1.6379401901696182,8.121017555294618
3.417985376532101,1.548418450621631,2.0953581394285714,18.92629836165197
3.6898537997341956,1.7029801959777364,2.0253084091417826,10.236302546908847
3.315643479680599,1.8626790295412101,1.6917136876630856,17.167835627515775
3.1740430291040815,1.7660321985612544,1.802686498096655,33.58892992250014
3.7549735238647877,1.9673455138597722,1.9973813421775344,9.367328627581283
3.6276588833740337,2.283719781879442,1.819390323994007,23.214857075058333
3.64346617069638,2.399630519309957,1.8301874096219926,19.49319880345181
3.36206198945115,1.3420018550746984,1.9914418298849255,9.055354854092819
3.494307375366549,2.439314377920528,1.9699745421259833,9.195292865232386
3.8047887545972436,1.4934323400234915,2.6429664314309593,10.119536692180974
3.552766007224457,1.1610089045124854,3.9195950353586273,5.976127653102579
4.175880628969746,1.3311439450976792,1.7318831476362606,35.810632581919656
2.506921006312445,2.1033635229045085,1.873741156586935,10.159345798614433
4.429705785606616,1.5880449992183587,1.930142805898266,14.174914103895297
2.724239292703292,1.4824681650683798,2.06090631609237,17.605436546508113
3.03753725065664,1.3962297592076385,1.5232207357267573,11.614878137705878
3.9501661572507443,2.3509515107337084,1.9274033429721875,13.770995437512052
2.939594167657357,2.3121447412579554,1.5451499843202512,9.7194012364071
3.3622439740197416,1.961231204359671,1.634674571447998,15.373136871162048
3.143850222292665,1.8653325645857357,2.232782666127241,18.16653050724813
2.4481219460075727,1.5814163841256856,2.066294867158097,37.353283102523115
3.1079020236314365,1.608367215627418,1.975788179507726,23.34932026930705
3.833201841582783,1.8370937078273797,1.9355888158334182,5.51937494529931
3.0531771485303345,1.8435367775087912,1.7859609929177729,19.1296322613033
3.979689530076022,1.754796136223879,2.191360565063022,17.269464072760915
4.338682445933903,1.7696249817399285,2.3532102408445743,14.757909994891342
3.5110454276282685,1.890465481905755,3.3013904223703996,8.67537424534038
2.672237569043916,2.1514142889421093,1.4504145763213498,66.90966145369376
2.83181313577036,2.202129480043659,1.6332936839902055,55.55800849520499
3.8560617239063424,1.401817026442835,2.2528791068619656,3.6553355511647374
2.8898539124990985,1.7798043672179276,1.9459453941408884,5.0167138918171945
3.8169552649232985,1.6605577903219984,1.3959755153424782,14.370150467650834
2.5298592384966763,2.255088933947829,2.3143068445647836,16.40069410024519
3.9468319209013583,1.6808209990011391,1.8377986685019914,21.890219619540485
2.7786236863755103,1.6572805827236021,1.9790980069147113,10.381141798686638
3.9575913221011163,1.8215675409770233,1.9353617364707971,8.68665289667005
3.0074366531891137,2.007005867127228,1.7523192758045565,19.38047475000761
3.149562012890218,2.127133066017186,1.8498632640988717,22.20661254763963
3.228058154787204,1.6763184221835339,1.6671478269935622,16.926946227220245
3.691435057481265,2.068957733705476,2.1130254629896372,12.78128043205489
3.2507904493786977,1.5887119146787725,2.136912474160279,11.718105479315296
3.693326782015295,2.1649713337094276,1.598092006123675,6.988202976632034
3.314748749945956,1.533102134623814,2.0330984424027507,23.205445775985762
3.6526970413290503,2.332918114586604,1.6036924177801466,6.07398897496522
3.2277502445505877,1.647472759177871,2.1579505453620675,24.89856373690214
3.5950146945851094,1.864261645472788,1.8590005716245137,16.90962096344175
2.8649456538147935,1.8910525222452517,1.9612834557368861,31.08413982303041
3.015331749070677,1.6815406476249994,1.6463848253250333,21.233004272708733
2.9634795313894293,1.5188412531587785,1.593528317656693,17.65946152629759
3.125852949552366,2.034228273006155,2.234490979546284,25.296761559258492
4.119652447266283,1.8822381394167258,1.6583354084400885,7.234780663295693
3.238225348226598,2.302657645494402,2.0593413575527957,9.211657223809809
2.9958296047073203,2.8716942899254154,2.0384827934211165,5.500006779333588
4.224053724330152,2.4323510914304958,1.67808994940784,9.579564873959544
4.093457372807092,2.4128645109972773,2.046696007212494,9.188895762438403
2.6944113294534158,1.0635036717435493,1.9266329734827008,4.2578899084404
2.920062831077414,1.3072522580754247,1.9205302587475543,5.016876378977172
3.231824032846991,1.341160377972007,2.0296470540617735,15.911948234531001
3.5485776499429997,2.1315379854642815,1.6826833932409824,6.3043704497114925
3.5000095159959375,2.21923846224226,1.676968326739619,6.658547209785859
2.8365092461299524,1.8200374939929242,2.5664573227340792,2.7927434277540484
2.5646578806867364,1.8965812894928225,2.7693043550070726,4.1383656534560425
2.266284889181748,1.6756327190998481,2.776809399515459,6.221538292601258
2.527894934263508,2.099931250983221,1.7735669860806291,21.07673780618043
3.9043914577430345,1.2714798764055841,2.0441721754352637,5.799941969807693
2.9585664724349097,2.117055666928598,2.1741522631227905,31.634876076568766
4.173073229288866,1.2716271392659424,1.7859502607169784,4.35365425382912
4.296410802267945,1.281484150567347,1.6582234076410074,2.8640056168879133
2.517454324583463,2.387584109559496,2.2547242416371756,37.96462339626267
4.177254277680297,2.0331813130312213,1.9708179808918742,14.799886744714756
3.4054913200982027,2.184791324611089,2.2071070573900653,7.539118914229946
3.10970442246588,1.5262046421215947,1.6905433294645038,28.887430870267195
3.679041811487871,2.0915953902755153,1.7678239361843326,11.344991715117706
3.2979323976901207,1.7061603474180957,1.8019254352314684,9.388463635881811
3.538546781301828,2.090115092884682,1.6290706875166134,9.821908585468604
3.156943052919801,1.8263322294703892,1.40995282679706,9.480498483676994
3.702794702228854,1.6574250767419625,2.2344574914557667,13.07097622097099
3.436129098395492,1.939162958762819,2.0741229969628328,11.76608716566008
3.3008199649581487,1.732367383282127,1.3882467102641272,21.47789162623586
3.4945998491296617,1.1955084231522366,2.000322841937995,57.76138496733661
4.3554066695214155,1.131642178074737,2.2423297360242387,42.824304436877725
4.458468188345708,1.1195377814923255,2.14123532092516,50.21010491489052
4.185621892293273,1.3752560839049714,2.3097091213489143,23.401240945094187
3.8635000862013182,1.7029444529111923,2.2328154291284887,19.529664496444873
3.111454242718428,2.254113423286118,1.7806462568598596,32.533418753960966
3.688122580924862,1.0827545042670348,2.362481780478759,3.6884352955787283
3.125379287979313,1.4534264615602626,1.9649649263321973,3.810882635645851
3.403918610796616,0.9710885597391382,2.288999927997253,4.7301378708047475
3.152829635847264,2.161601829192235,2.8731858386628644,13.874526419065877
3.0636801600169834,2.543333765367098,2.374362956356589,13.42164055053082
3.53559600402259,1.1364877306940775,1.5837625743341028,16.98885579764498
3.4779084237043842,1.4473110707984613,2.0017779887343505,31.12515833545266
3.279485373886995,1.6534004537591778,2.1020694777590436,39.09203184183244
3.7869303031862414,1.7511154540538465,1.7577297629978124,4.295081056908025
4.0372193045340605,2.287456668290017,2.4773532941060474,2.443460870761788
4.080078216838508,2.278879397692441,2.5227950649386424,2.2782661510390176
3.1249986740399724,1.5905981614061215,1.5166544897089511,42.01548240147636
3.234272571666221,2.0964300892863905,1.9092102884302005,30.714984571206376
3.570477337508678,1.821178409206369,2.1274664101374534,5.208440362869216
3.4694466456112973,1.6787985015211402,1.6910008905235943,52.07169513253397
3.122191439125737,1.8691584588124615,1.8435733020810223,12.128336103681692
3.5589298809985714,1.7978704756877306,1.6164087627796078,21.47022158892019
3.1528926007093383,1.5933959000450864,2.055172293514355,28.083942507359847
4.338512871524444,0.9367928299810481,2.2114940928660953,11.794116507308471
3.8954261269527786,1.2657326423862878,2.274785094512826,12.39609462756854
3.146490379987891,2.2738585399019087,2.1684325883912257,13.547713804364568
3.50896932013929,1.515009937117797,1.3875669573753355,4.07069379613995
3.3007013774776612,2.0455152425238783,2.6375575206964754,32.62173740299257
3.6271305055837137,2.2372788519465554,1.4875043086950042,3.396174781002412
4.016616151903057,1.9499253130624732,1.4250765456775443,3.575508923442695
3.1797186065003427,2.1111103343221154,1.6113474069425835,5.052034616993272
3.341234993308151,1.8846763877440704,1.3827561768785044,7.486274932784684
3.1777690704420563,1.9569433257970579,1.6384399877948306,6.130766290719499
3.7980751103824373,1.299383248556707,1.7112748298915677,6.172369976762883
3.5298215425328623,1.961700056703971,1.5509118588761917,14.636198835715458
3.264416123013548,1.3365834207327993,2.0845704459144745,8.365669002335625
4.155673004095365,1.5491418609089458,1.6889037838856082,3.2775872941547894
2.8748625779359664,1.9278517123187964,1.917877343368482,48.42166163750512
3.327709378343098,1.9796140580301058,1.7712352603715835,16.943185150549034
3.623442394570159,1.7764910611673062,1.79086001879459,10.304038378067277
3.670635656476398,1.5576208356412664,2.025080629744838,13.924935127646528
3.5597957254568717,1.4132047577676905,1.6754981982861343,12.070276710884071
3.174262006546776,2.2683731002347196,1.9898723432779812,8.248892537590072
3.440932801373182,1.6773087401492464,1.7881044853194785,10.563914821051277
3.565459656500564,1.6348455497254162,1.836850584116865,15.424491711176648
4.3263375026935575,2.1516674526509614,1.7792932595947775,4.855850582326814
3.2540369241451486,1.434871018622997,2.0126512500561025,19.261384367948267
3.5556074256803645,1.7860144828284263,1.7783245214127539,11.580150733038415
3.374810328557639,1.6828403189462242,2.04816581496035,12.971256741907123
3.624065902973997,2.1256954289704746,1.747364783950421,16.12076611043417
3.318020938215744,1.3412973244168118,1.9303833972677937,20.52293715488044
3.3900549260772532,1.4989219750820313,2.016136854869557,9.270870840249717
3.2784304048254502,1.9234446106407574,2.282447458531623,11.594551622468664
3.1264513617466245,2.1272382010297877,1.9665912022127718,15.848300700119786
3.600346067250281,1.3411448476943713,1.78398603690382,21.136929845516416
3.5933190925294465,1.6201883377126984,1.9315881979085308,7.728875239614584
3.285738582510019,2.2374416155831196,2.19796103540211,9.585707872816574
3.1545166773150917,2.368582293996379,2.1981012276959104,18.844832512382435
2.9506769372211616,1.6055679440197446,1.9629906314743968,23.358840710649662
3.9065952003479665,1.7986129521492586,2.0405536465667216,5.955736247597746
3.4576230584961483,1.9335677887636318,1.480484299486405,10.80403591028264
3.2863736861544126,1.2434754027133237,1.7989940690494286,33.23569906786591
3.1638649433613044,2.0173712328853792,2.6216307435289026,18.504264981613126
3.31948337638482,1.134014829505512,1.5407736268788745,28.68289663711315
3.70288986246771,2.0555120238966578,1.860214691448798,17.02678255369053
3.5134715735427386,2.352626402898248,1.7449058466993093,31.558004624715092
3.332255943867967,1.0081851362339134,2.4269297306824433,6.855870083938009
3.1892650448556203,1.5476854597466367,1.8246465455663123,29.115419042262204
4.064739590581655,1.8019354760381332,1.7450782975554664,22.212438369099505
4.004443252480164,1.813279388261659,1.9038134894131575,19.514737952575025
2.8690349506647532,1.788655990096048,1.8605622640650046,9.552969133403183
3.6532635068476154,1.7359497105644004,1.7424605757583322,12.950847208538807
3.580925560699346,2.3868359219605826,1.9812573219630432,13.949561837666241
3.7010533606112133,1.98692416973262,1.5357697113084319,15.484106334128478
3.3538565646948384,1.4842787764207137,1.6027100070768825,46.977838301463585
3.607441865803785,1.5111292589051573,1.8081347714318003,6.015688178372543
3.1654144948003307,2.005207584797395,1.9261139476974007,29.846431016454112
3.744608335213382,1.7086103052877164,2.027540943806291,8.654314036813492
3.3510412557070226,1.9957736195505635,1.6317480893338507,17.61996161874999
3.250251312122441,1.2354944232886784,1.6848198390154567,3.4138559261036154
3.9473891744542113,2.138267608420404,1.9319361648256501,32.53553899990607
4.3201630641478355,2.5087252714474477,1.8912980132491382,12.149179216658048
4.317859321348436,2.4849769828579342,2.068662042442742,14.25041434551195
2.0434050125535004,1.063544117528428,2.6559338846515077,10.35933068318526
3.418790232058387,1.8314074850910038,1.4533810621379708,4.984842723466458
3.3707423611340137,2.2627755850299636,2.2696575020579473,17.605969827373187
3.6349361282130666,1.5116394319462918,1.9103706211560179,7.283533380670043
3.0843546134254773,1.702469552975764,1.6532634300683697,16.67254594173043
3.470172855996685,1.7655961285842205,2.0164788878030784,17.640833981363752
4.766579925838207,1.9489288852867772,2.000973031649041,19.72784169566799
4.335795894628703,1.9295233576806377,1.9729590918995008,25.76611457519771
3.496831379383851,1.7541909365971624,1.7985233313747901,4.977300411958368
3.9332117134253224,1.6816702345459322,2.369624574692704,21.09965303333164
3.0825454207420355,1.8707178104323556,1.5161439334037616,9.411902092419782
3.6971910216184574,2.2018437173804335,2.571426015951402,21.613766126523505
3.7147472080391886,1.933742640220516,2.8038306817397616,40.6851459338406
4.540231741457792,1.1100517996264356,1.8618194359175795,3.405520838327115
4.472457572883191,1.1165574720876577,1.8887879168700272,3.355904568621777
3.971432575256605,1.7913402527724447,1.8598796635055035,6.276876222811272
4.034643454215702,1.5117208280446397,2.226099932695094,21.90468471066559
3.126825352520439,1.5810734486693467,1.709432870207468,10.938521288502033
3.150499792808726,1.4187257751972886,1.6481057277723603,21.444585680516752
3.344958341148909,1.4301687227034596,1.6762540292178854,16.1893371379573
3.7753732773799715,1.4591061795511207,2.293477687433691,12.651445450888597
4.026079401186914,1.6971763549894718,2.317466501662131,2.8674312919126135
3.2221696084457094,1.0515786175078332,2.0181870381097147,58.21654806469276
3.271968763390095,1.2090939800781544,1.6789965933662763,31.432376700292906
3.541557862228849,1.6364062688322782,2.4156539379647812,22.668819310938325
3.4163692345722225,2.0632993787709233,1.961050150123072,16.96828647754758
3.338696844715821,2.1410243353253016,2.030668785868172,18.82659682304248
3.6554010307044527,1.7587904561401997,1.7654831041489296,10.16405705834715
3.471086034552616,2.087922703233054,2.1192564840458297,17.781278502696782
4.277373318437001,2.563717342949996,1.6707021390530623,10.452741957397262
2.998450858457463,1.4490782992383735,2.1877710118511438,12.302920799072066
3.928100256191768,2.2114272283237697,1.7697056928285013,6.097344770026774
3.032080432765418,1.5123409406206942,1.8730644892593284,30.22104227863422
3.4672742026229915,2.0635282326468856,1.997294539781294,11.254434176033106
3.8802308311847193,2.2691250944717765,2.1616346448568526,7.461324898851467
3.7176379923972784,1.8003232621906053,2.0852261673626096,15.927407166659123
3.481781226755556,2.1929909823516778,2.2672475226864055,6.073809117900847
3.552211187524896,1.4846924790082958,1.6621107913354416,27.221148932161285
3.703944807125054,2.3817947017312266,2.2912815738242682,6.483925006801126
3.601014989589184,2.2590620744044974,2.627570595385671,3.281733202421015
3.495471641413746,2.4474669608604254,2.0592099221257634,20.67234473389301
3.8791940723830707,1.6257024036583612,1.6130809176357024,2.804896498928682
3.2283131285269153,2.0399612111831087,1.339423646819804,5.283430145037257
3.931857709369547,1.8827700836975705,2.302798836958071,15.340186393058318
4.1098736500680255,1.9841408156501519,2.6139038634517573,35.706549868167535
3.7525711142842497,1.272814802223864,2.1450426493840618,60.568814788866426
3.8698100384909524,0.9815458738297055,2.0065135883580036,19.2549839095967
2.8657711281829,1.7439043894627884,1.9868653579167328,13.398114094377808
3.6184366714237313,0.9107543239242907,2.14782520212063,16.964829405040803
3.550932389673739,0.8856810548155184,2.220983173532094,12.103136058005468
3.3388267672552265,1.886222449713374,1.9698525085683956,6.851307612235074
3.090497678046255,1.883883462649439,1.6756161509767735,12.48724475618251
3.6164350443442563,2.171957679284132,1.7369905630736233,15.819109923961491
4.138707751618849,2.076550382420232,2.6824327085592024,28.59492041093019
3.3997174558800145,1.6122835809404745,1.4627731142089528,7.651022891780801
2.7833093783473126,1.4217665620263735,2.1169277962323134,4.3179541275166455
3.7591589413708757,1.2597674714098186,2.045443970908772,9.699436721504942
3.3351656936213003,2.2469047544016676,1.6913254725216609,8.973305328476961
3.4696965871442926,1.435817927142956,2.103953272437447,29.933681482632466
3.342628714878479,1.8052268982000474,1.911939099627647,7.767595951515508
3.305777332810698,1.631837450673192,1.8808427741772358,18.235718439169144
3.8991520915959175,2.109192397794366,1.9634955531737295,12.20682602610582
3.849901360046392,2.2208293408978377,1.652054143390919,8.017330188668147
3.075445777381293,1.8577223618714478,2.136908915263211,23.11622060705771
3.160617588280208,1.6590185884039115,1.8421170136456873,18.103547015159403
4.217717500569915,2.169026911534715,1.7776482431988858,24.300886773957643
3.6797770262794995,1.9272697294600256,1.984273584733972,19.691710839891524
3.596212729044898,1.9013313082379946,2.304461173174291,15.954904233289373
3.4359541045899804,1.9663845195954046,1.4515639484389604,6.3936941796631785
3.1373224599109335,1.3075892664682836,2.3573618626731463,29.211734016757585
3.807398133821906,2.3076840560333745,1.7172225128418404,5.150047947727314
3.8552433007968667,2.5471517030894937,1.4396324160466334,7.963192628778276
3.1875034760515706,1.731491962947175,1.9522603749641467,8.78894829899444
3.726276828630797,1.888470548607332,1.8138032656691248,17.46018249460794
3.8885159162571457,1.776043990685377,1.8292791494708278,13.76914719918807
3.574454668140561,1.1617569039674465,1.5631081452886562,5.425399429601443
3.3291920120264087,1.2686200744849614,1.5812230080653227,6.415208612782697
3.0923720808182624,1.3416960515596956,1.6230899092312197,5.736015693165973
4.238121525135744,1.150676353626524,2.2828461570851526,10.998188906074718
4.3050366947854615,1.1376306914786676,2.3148425548687594,10.856248448457604
3.68980161463875,0.8415307762101298,2.1142502395093254,10.971221745918506
2.9406982168220224,1.2106725714449564,2.3701057889927077,30.544038665406504
3.895490306055347,2.43964615891834,1.5616491767690392,2.9568834488935147
3.200688185856385,1.3297811346340362,2.1479716695387023,21.337167075486505
4.279852912478875,2.2607089114870043,2.0418135339851236,3.552245629621733
3.5417435459002644,2.5364898489435954,1.3509089460417691,7.445890960508085
3.4198358656006613,1.8668344683286282,1.4677725614005988,1.482356846127989
3.5996269539771824,2.3761519350937044,1.3475089548352825,10.062303106801513
3.4366837919645894,2.026093510280967,2.366533625024252,35.76073075298436
3.5916284006767336,2.4219482419157545,1.6934638948647152,4.488524210790813
3.4881929625847934,1.380621234533929,1.9164740603522685,15.317957300985743
3.368016538504344,2.1755264069972777,1.832750236512036,14.058418579323202
3.744945829184259,1.4841930129356982,2.055233587540931,28.908894060278744
4.353493213561973,0.4289851920176068,2.6636745923632916,10.960876974007888
4.04818881382571,1.6713468324141156,2.2766231172522797,21.99629338341423
4.462978902305868,1.3027939374309603,2.162466172409568,25.398707541902034
2.5280295882131494,1.8832746871187185,1.7572896642369142,7.461648907750319
2.6942203949264587,1.6735104508019285,1.9185583193957736,4.770503199509591
3.1338377065116503,1.7035531450299264,1.9452635572649821,9.515987017910442
3.6751197767057877,1.8845500829644068,2.094612993946787,24.10797552316276
3.554571841994433,1.5335491515198933,1.6975852388727617,10.588908396367225
3.477063097454374,1.7559537214246548,1.7915186342726737,16.610758155313306
3.6880750723618876,2.1199362062566705,1.5546284122292078,7.995975961036008
2.5701220326697367,1.187509722502926,2.279207943952089,15.284925729089485
2.531260769717448,1.0906235565871418,2.1666837998396726,13.424061900598641
2.113002185393414,1.2239943690036819,2.7278118545093712,36.159783462466194
3.4836294970095225,1.4539837870864232,1.8989868789022846,7.046535753468747
3.001089903497678,2.3008549714261735,1.434051895466212,5.164527946135156
4.51438317898019,1.9931430861809465,1.6394528369365533,3.9479712094030606
3.712548861664819,2.599181551432727,1.9643832694920653,2.2399674225234767
3.2083177631943753,1.5748622662228438,2.0403302020112943,53.39447680134932
3.0044204595155737,1.796141589305447,1.9965267972032783,24.453254417175536
2.9848570014682623,1.7781118494932557,1.6964024972879057,19.552064047591585
3.6990651974116693,0.934987439299567,2.506322614186421,10.637799473004959
3.7298627835086755,0.5226220848269554,2.4525581357199013,11.381066292381755
3.1580706699024508,0.6794548036603164,1.8125470961133252,20.881824267903397
4.1250719782543985,2.3960729826840383,2.1877607586117733,13.283612378827474
5.037572151037588,1.9331213746896683,2.694364615031954,9.997557066308946
3.775266171049683,2.34574153116888,1.832119444109806,8.931339950182139
3.1316728180201374,1.5029138367743269,2.0129556215434996,10.910940017757877
3.4954634480697724,1.6664028621178801,1.6077468450852084,7.516555593810584
3.050177359227578,1.8399688304805983,2.206402701388613,25.39426675603779
3.8805307064406347,1.741931914112474,2.3660686679861733,11.12221249426199
3.341726432769443,2.131977067227454,1.465762067853694,19.090074517877138
3.5599179599488617,1.4192198153635929,2.460308387784119,5.770723299882597
3.1328568490025903,1.9405055133401083,2.1448170590094406,18.651706335935685
3.2262157465753005,1.2552216781526893,1.875777909049063,11.617672694702831
2.995509609614687,1.2316569767626944,1.6859093706331303,13.820199547884634
3.299940347568336,1.9102478851196698,1.9109778859195659,3.3654817010731373
3.550072375048516,1.6267778493300435,1.9877622166037985,49.47836243189244
3.332527891516311,1.0833629605518549,2.037319758859749,5.645475683207637
3.2352370650003617,1.5445179870561916,1.8026449171418042,19.114569600537266
3.736672892644486,1.5026354922418812,1.8048320537182565,10.115649738921272
3.028371118731149,1.9300505622527862,2.1814565077462693,7.305422663952068
3.5632660507151748,2.4433614301048197,1.6879488402529332,4.624544395060169
3.7378273242737197,1.7017524359527194,1.9256018124182694,15.004175547893022
2.925961509645371,2.1774351102421066,2.0518020717636425,4.4534839018630485
3.199815275143443,1.8249671692421943,1.98287667976351,8.914672972934325
2.963507148055844,1.652937029534706,1.8272366448434576,8.808398437395352
2.9906325487612038,1.0687632682768198,2.641228319071273,32.673820221343206
3.698811714217016,2.4274400017657154,1.5837402155122189,9.534305166085327
2.5996527069126385,1.361682598284524,2.491379685990009,9.460453114195365
2.822884805607389,1.5993485655165312,2.597622646965087,8.349696100860704
3.0877941180394544,1.7448787906544458,2.194839217750126,3.449989880092337
3.467492955653427,1.4366482357416885,1.447231278907235,14.534355967672242
3.3403448069243464,1.9839267314157045,1.8862637163975724,20.77185446212643
3.402063083423841,1.5182017150240141,1.7842706798048504,14.292730987431788
4.130366404103546,2.212621671133803,1.5799673199750623,12.389566550303675
2.638362352277632,1.4090826767820837,2.1976097602489166,9.58253156717622
3.1166442150292575,0.979247546057286,1.7945785081873442,2.644523991845558
2.6729316376274648,1.6081197753827432,1.704255586681703,13.73556430190145
4.160450234586224,1.7714858173663046,1.8013981432845194,16.5934588850777
2.7471576030267233,1.8455689685106986,1.9279150568226087,11.710309824332795
2.5355160242233103,2.0548838607177986,2.5061228098585984,13.384056824255865
4.045907731953562,1.4083046734919245,1.5604175112642285,14.959743031008088
2.997289441988482,1.767982896263231,2.596437975983059,21.62079443017397
3.345719239390421,2.218059744593216,1.464678433685192,4.703691368903297
4.209952983941999,1.669919905745907,2.1908627430383736,16.770533484226302
4.389331209297576,1.9008509374044482,2.4771312161004864,22.81750564847547
3.535613252438742,1.931384057786341,1.9553583275822592,7.049496148677373
2.9980310809394717,1.971308458239513,1.447451887324612,14.38590967003263
3.226876019524427,1.4761225452087787,1.7264211630630437,12.552692682070637
3.5847529804385183,2.099534706993297,1.9443865764973962,24.66981301084993
3.7168788417336693,1.807666155286978,2.039461845483263,31.318773314362133
3.2775964488141422,1.6595238434147168,1.720139788966136,6.371246401324865
3.5163688985266006,1.8612418002463362,1.8228091393460377,13.84763965511048
3.351062176888109,1.6559433284160854,1.7532428676487328,17.986914059552962
3.4464993251504135,1.8073288589414311,1.9934146121311893,24.918943611079545
3.89605273480589,0.8191617681033476,2.094607548859037,12.737693917691857
3.543425169378744,1.3035603599854562,2.2038725827139523,42.80673931492567
3.4891952365866103,1.3138069999430737,1.9541340440443966,4.366928837540973
3.157873237411451,2.192769372274854,1.9772162354664018,24.421323316480997
3.6812914547016518,1.2540473615367773,1.8123420155291103,13.15988865235009
3.3818263356723715,2.3840706453845106,1.8960561082347331,12.530606273414543
3.2116790492700424,1.2499657081350428,1.8467059877334073,12.297382671182477
3.352375920873251,1.628641262238777,1.8279005596830786,23.799952827549063
3.7480648631371065,1.9453898961619223,1.910860264303681,8.489833141334309
3.3353624077323976,1.5764798157927857,1.9416706607306684,23.699813515319182
3.339194868965084,1.1409337463620244,1.8428823092205566,28.567177270288262
3.6574064425023987,2.2837432211670414,1.9120127642104798,6.843548993242596
3.4091022549416903,2.108673232257337,1.5305740952455382,4.786248439849698
3.615553901019807,1.398389665522791,2.5580692337063375,27.353492076441672
3.5986645067349707,2.2187524658394553,1.4180689101614397,11.681009079547094
3.1931130998487403,1.8576221230531975,1.8793100053400218,9.523499380340768
2.893896576706875,2.2150634011878076,2.399750477862545,31.373397973272812
3.12693425571135,1.6991781878675132,2.6231797628209397,15.54051069744143
3.6961328449067943,1.4273437954509676,2.074420235235219,9.436876057903131
3.2952080003991417,1.5020809127811052,1.8141295109093656,32.71324861574384
3.5021252921236856,3.036900949753363,2.825701045935545,5.203657521077306
4.063972606599675,1.6670145581491345,1.7334544612090628,34.6089284485787
2.8532180017797577,2.3057321339059853,1.652250559310052,3.0068393793146586
2.7886427505160096,1.855437669696537,1.404291120879215,4.144275901664857
2.8932917211900553,1.9424527404085075,1.5480982319580818,7.153037570364066
3.7308442127970616,1.5457867649805632,1.7930832273043336,26.119661812991758
3.0366252346324245,1.8642591173341319,2.1204550961809967,11.37292281764972
2.8585052964427358,1.65891870171255,2.0871493336743465,11.509968935337898
3.0528163221631655,1.5868161919489936,2.5469735002178275,12.61714801561516
3.308624973827783,1.0720048541310228,2.5317824930815105,7.851660447982431
3.6178610651332823,2.161872768709761,1.4711341848001405,21.098238043430495
3.450622277091399,0.5199587074779919,2.6261894052880943,14.275442823067737
3.67649915201093,2.707092012827748,1.556387943896952,10.361488011920148
3.3755679728151673,1.7756927134507063,1.5704194727764313,7.13362283284756
2.903449857102733,1.9106148130826122,2.01825374098836,21.369216275358497
3.962906682125369,1.675362238797614,1.9423330726901065,10.754269568256563
3.19239799796693,1.8663075073843027,2.1112028773459572,10.325402503099134
3.8139064992652223,1.2659738508353588,1.8689034390260404,9.070320828502805
3.5864152240593064,1.6184409404448739,1.944742862240488,11.640913758802215
2.977964110137118,1.9238654868111302,1.8327223569052107,13.864682642926812
4.067912209240836,1.7335628760104305,2.1982244202333296,18.32705225499419
4.214462939648518,1.6421917283980387,2.2552055919868734,11.462129203972793
4.023860164373293,1.855074794204425,2.312624240872328,8.710054706468894
3.463802829877931,1.3306549735367807,1.6442044891901784,13.330927795620513
3.4116063715883134,2.3749736383204287,1.992317910226412,10.12005392398879
3.093735009603407,2.4410342725941785,2.1660032594022884,19.3673811017131
4.111634081856226,1.2446286143190082,1.6416747750880356,7.742551913262016
3.0967715985027975,1.0151425435426367,2.7650967129958426,15.902902605609167
3.1777924868100116,1.2129531164962775,2.8681709391635155,11.995247330858023
3.292231485087599,2.007099743523155,2.0557786437720598,14.755684438859134
4.056693084401673,1.7435225671650096,1.5582135518807305,6.565370937754674
2.8281074168666813,1.7823765029045406,1.9535700260923414,34.78081077620168
3.4457956214269347,1.5607079483929158,1.7774484359172367,31.97547267679384
3.295993545369602,1.7103174705594741,2.006673917267185,10.511459218172305
3.6153848676877107,1.5599077602622717,1.7116615025220576,28.91565466790459
4.253296479397669,2.1071173906599947,2.866058071371454,9.658536023473316
4.684110233012462,1.914571044915441,2.1349131193142417,8.324897693478427
3.2580521202959325,2.192538340815973,2.0940515689375347,32.19543293283842
3.348954156121225,1.1051838683036843,1.7156337856581092,10.065793734311505
3.504331497828743,1.5086107601856116,2.0241962597907843,7.78188026609309
3.2276863671374425,1.9920219093650544,1.648197542001322,12.779699689998452
3.619083712774153,1.4909965969499586,2.260080622925567,15.802573170009161
4.067070200533725,1.9426964658610757,1.6209851641076796,6.807622312997496
2.8552009495937734,1.6192882302864933,2.149103694573019,29.619722977303244
4.274239406970429,2.12323863946333,1.5308317727191816,2.8222752276780083
