Country Name,Country Code,1990,1991,1992,1993,1994,1995,1996,1997,1998,1999,2000,2001,2002,2003,2004,2005,2006,2007,2008,2009,2010,2011,2012,2013,2014,2015,2016,2017,2018,2019,2020
Aruba,ABW,34404.77579,37091.55957,37296.54993,38038.27626,39796.04247,38158.1312,36414.14667,39557.64872,39445.47996,38873.6688,43208.00684,38907.27928,34814.41961,34708.00328,39021.27238,38947.19958,39138.96378,40250.47135,40069.73739,32021.37986,29579.95044,31420.30802,30259.77248,32473.42813,32282.49834,35676.66447,36815.15328,37944.17051,0,0,
Afghanistan,AFG,0,0,0,0,0,0,0,0,0,0,0,0,1176.939616,1269.757383,1197.79134,1376.686376,1439.428734,1774.247966,1831.269416,2572.181358,3184.285245,3015.827647,3581.453474,3724.257151,3674.869211,3556.559159,3518.131952,3523.909613,3484.564639,3522.974171,
Angola,AGO,5362.583904,5117.603976,4249.354924,2301.122377,2215.512092,2747.441934,3321.553459,3584.15807,3682.653324,3603.152912,3583.869878,3643.039072,4403.571292,4365.619722,5015.686947,6183.261877,7156.481027,8642.033828,9915.890799,9366.710626,9569.962718,9527.739533,10445.68256,10717.36078,10980.42328,10444.96461,9265.290736,8644.188987,7774.788175,7160.377192,
Albania,ALB,2958.437076,1552.163373,1353.385251,1644.449932,1952.6871,2538.802862,3059.685972,2458.497913,2948.724047,3805.796049,4409.033446,5268.319596,5792.172314,6498.955841,7295.59853,8208.380023,9322.450564,10630.21043,12474.51302,13505.12135,14669.8592,15509.3753,16004.96811,16387.24715,17044.42023,17913.1831,19181.6776,20706.11128,22537.389,23747.89711,
Andorra,AND,0,0,0,0,0,0,0,0,0,0,0,0,0,0,0,0,0,0,0,0,0,0,0,0,0,0,0,0,0,0,
Arab World,ARB,7742.250569,7674.942927,8138.83242,8130.75815,8180.750512,8108.836263,8476.283191,8771.805734,9313.740621,9278.110222,9866.669556,9781.011092,9490.377153,10064.79063,11357.96288,12094.08872,12996.27273,13561.90269,14499.21799,14073.30935,14687.67911,15134.18125,16261.60263,16524.87085,16663.53226,17172.07531,17681.45386,17506.52856,17674.09175,17634.77219,
United Arab Emirates,ARE,136664.2435,123857.7867,117787.1344,107780.6225,110485.9937,113501.97,114936.976,121545.8754,110238.3511,105011.1546,115575.3189,107005.2511,101199.6052,105218.979,105139.4248,90894.83938,82176.61337,64587.69219,52073.59464,37489.39209,33185.69579,34653.73524,36236.31408,39502.95007,42808.77694,46795.73554,48668.27997,49657.82115,49339.97571,49562.52739,
Argentina,ARG,10299.16391,11927.30392,13525.09784,15427.89503,16849.41163,15518.01677,16873.03737,19269.13641,20316.17955,18546.26847,17857.33545,15964.90878,12404.06419,14381.5678,16738.93652,19426.60683,22223.04574,25884.60626,27476.69901,23839.1549,28479.48944,31272.38216,29945.01137,30707.82758,28549.34409,29487.44317,27681.80824,28579.93415,26632.34725,24991.22725,
Armenia,ARM,3616.36883,2872.842375,1008.718132,879.2366133,1024.590726,1219.629607,1409.6172,1538.73749,1799.514906,1944.769267,2208.721609,2686.134849,3480.095109,4570.953154,5645.459299,7419.853768,9656.150945,12702.82941,14766.99646,11044.12081,11621.94887,12747.00393,14570.63379,15405.16998,16366.47441,17274.34263,17218.59134,19781.33409,21788.86091,25125.14156,
American Samoa,ASM,0,0,0,0,0,0,0,0,0,0,0,0,0,0,0,0,0,0,0,0,0,0,0,0,0,0,0,0,0,0,
Antigua and Barbuda,ATG,12151.64675,12352.73533,12211.35583,13002.80106,14175.22073,12418.51631,13515.04159,14399.18531,15145.05627,15662.55448,17204.93414,15064.69845,14952.43687,16395.31545,17860.56848,19667.90405,24250.16448,28045.17309,27135.54211,20315.52699,16852.73136,15757.42391,16410.45599,15823.95471,16664.89517,17580.7845,19171.20181,20013.75539,22670.28228,24404.25542,
Australia,AUS,23034.15158,22276.35852,21922.02316,23264.57737,24627.66384,25919.5158,27243.79006,28796.33496,30842.83475,33282.63602,35105.04282,35503.35413,37475.36584,38777.82096,41024.55795,42557.36905,43661.79289,46498.72916,47999.7848,47863.04335,48335.2714,49354.5507,51469.04552,52331.48408,53399.3261,54184.38355,55468.3896,56200.36869,57752.1111,58173.00535,
Austria,AUT,28622.45183,30021.0151,30609.94103,30427.31733,31662.01968,33271.993,34759.84144,36148.52342,38699.13371,41339.44115,43965.60434,44743.03351,45780.46306,46194.28484,48154.54403,49658.78404,52625.138,56255.48316,57549.18249,53019.27328,54721.46621,57577.53138,57833.9794,57185.40829,57045.53759,56918.35116,58044.74922,60114.2772,62447.42213,63948.36415,
Azerbaijan,AZE,8334.06998,7966.582791,4630.140846,2656.144494,1667.023804,1267.288469,1274.450408,1399.314152,1661.332254,1882.96536,2286.308405,2718.946532,3208.211964,3838.051413,4501.736143,7222.036075,12774.49604,19657.48999,23053.23979,26453.78681,28365.26784,26773.03987,27232.21445,29728.6997,30640.78843,30550.75555,28072.8276,27611.89944,27958.06254,28727.48158,
Burundi,BDI,1757.661297,1850.972989,1809.257321,1529.390655,1366.501437,1124.780795,929.1955986,881.7422901,947.7559076,904.6923169,858.371208,854.2886696,882.9650565,811.1136031,836.6573479,798.7042847,831.7378597,833.4852161,857.9401242,865.7758791,896.4555243,909.924654,931.8580852,963.5730858,983.3600083,852.5870358,790.5259077,749.2302615,726.0748542,707.3941074,
Belgium,BEL,27226.74406,28025.01164,28656.04124,27888.68175,29535.02839,30831.08842,31527.87718,33801.37299,34990.89077,37342.51343,39975.53184,40579.41127,41601.87166,42115.8601,44788.28984,46379.12685,48137.66095,50988.33448,50638.682,47836.80508,49699.91221,50078.3675,50195.03295,50181.82002,51320.90155,52812.99376,53838.07133,55478.50296,56623.57848,57648.68648,
Benin,BEN,1832.755963,1860.893332,1840.01347,1921.683736,1867.658949,1966.398927,2009.659674,2114.72239,2154.250357,2253.492613,2378.934658,2484.553303,2559.982849,2577.756159,2647.193548,2581.641605,2632.236242,2792.765421,2904.236641,2874.390503,2833.632596,2840.269056,2950.35987,3205.939203,3430.261777,3361.720286,3397.116543,3590.376291,3869.829108,4185.865295,
Burkina Faso,BFA,681.3051625,768.2467224,731.3557314,741.5655616,720.7885764,762.5032681,889.1754414,950.6327073,1034.972125,1128.384395,1106.6821,1187.995245,1221.360095,1339.448084,1378.957464,1534.624286,1632.011243,1665.556021,1754.915009,1751.145386,1938.77161,2075.339729,2214.967287,2335.5009,2395.771798,2439.212643,2583.453788,2747.825922,2960.657209,3124.20703,
Bangladesh,BGD,1010.515502,1033.00488,1098.346841,1153.175787,1192.492235,1262.690251,1321.949099,1383.63894,1468.320991,1544.889284,1647.17814,1751.355042,1820.694619,1929.394668,2068.947479,2279.530783,2524.90207,2823.796439,3101.752138,3347.021034,3647.408401,4040.677132,4480.189823,4920.084705,5409.536431,6005.979924,6742.072235,7595.71717,8653.641753,9913.404251,
Bulgaria,BGR,10141.13216,8670.615695,7617.20176,7512.263444,7840.967185,8370.144551,9348.447962,6967.464632,7679.21681,6532.886699,7243.83875,8124.528078,9525.315902,10700.23621,12307.62784,14345.89658,16614.40531,19144.1471,21849.72332,20643.55013,21156.19058,22448.69651,22874.33765,23279.50076,24446.26503,26775.27353,29262.89526,31812.51232,34296.83171,37168.1253,
Bahrain,BHR,31383.89946,36750.37484,39727.79901,48164.60263,45620.18212,46839.6814,48176.4053,48441.26531,49989.19399,50548.02889,51413.74738,49027.62669,47146.22395,47476.89351,47846.66116,47508.48101,46350.56134,46528.79415,45364.95214,42197.21014,41897.17887,41070.12035,42720.3302,46390.87299,48936.13781,49112.97587,48680.70041,47776.79334,45009.89409,42672.8042,
"Bahamas, The",BHS,36501.0562,32294.61947,28754.04707,27865.49109,28630.06674,30233.8379,31969.96129,32523.33755,34873.01743,39095.84539,41279.9812,42173.85241,43039.79382,40505.16345,39746.49838,40945.27819,41442.08067,41057.90748,37750.58006,33499.4121,33507.27014,33050.44671,34352.50416,31725.65546,31595.56663,31366.6299,31026.43078,30447.56592,30779.82844,31271.21569,
Bosnia and Herzegovina,BIH,0,0,0,0,296.2557885,456.9244882,1687.944826,3094.971745,4139.761553,4948.819906,5485.212907,5964.733642,6600.123162,7128.124262,8015.65998,9475.659049,10529.59105,11815.38267,13192.19423,12533.94465,12937.15667,13493.92241,13723.89112,14887.44179,15765.10754,17273.17394,18847.68489,20064.27591,21943.15532,23413.11219,
Belarus,BLR,6627.157938,6462.716645,5258.712795,4469.614426,3493.09183,2822.495583,3002.765256,3758.163947,4458.25634,4806.83765,5431.54038,6018.41125,6726.110259,7815.568153,9841.106841,11940.1866,14625.63667,17408.4451,21287.43838,21468.18942,25032.18208,27899.69026,28901.96443,29475.56411,30447.27736,28070.35499,26603.0437,27986.63738,29869.895,30712.13559,
Belize,BLZ,3163.290904,3784.455766,4597.228794,5020.492274,4835.770218,4651.400496,4489.768744,4475.907179,4461.320717,4899.796231,5844.040485,6020.834153,6242.172939,7076.553066,7377.534462,7277.754598,7588.85801,7276.318013,7402.268256,7069.290065,7141.217523,7072.67843,7081.932374,6946.816706,7141.487597,7240.867432,6962.147621,6943.898023,6963.896702,6742.298835,
Bermuda,BMU,0,0,0,0,0,0,0,0,0,0,0,0,0,0,0,0,0,0,0,0,0,0,0,0,0,0,0,0,0,0,
Bolivia,BOL,3660.211386,3888.049619,3851.190852,4014.876752,4218.89894,4436.127648,4638.551727,4907.910069,5203.052544,5045.792229,5100.933747,5076.915598,5135.955225,5221.705622,5464.504159,5749.528502,6096.99147,6440.862078,7015.896833,7249.221044,7605.706536,8149.150964,8721.765369,9639.126499,10394.37704,11088.01459,11702.14924,12341.64987,13030.32024,13238.73374,
Brazil,BRA,8806.159199,8760.696841,8387.718987,8887.660418,9544.170879,10076.1955,10196.75419,10565.19193,10316.41273,10109.2493,10706.54825,10709.41131,11078.69022,11051.46745,12067.80363,12561.82017,13284.10806,14638.67345,15849.7604,15508.64475,17598.34468,18679.65827,19060.59476,19873.01425,19733.16466,18053.15922,16613.74228,16783.07887,16960.15379,17089.07258,
Barbados,BRB,12414.34713,11380.25319,10046.08527,10129.77748,10460.30385,10799.12284,11579.58743,12595.79378,13437.17817,13415.95619,14521.27257,13742.51597,13865.49311,14380.09318,14686.50503,15752.18911,17520.03924,18139.8896,18231.72987,16292.13137,15442.58098,15143.30403,14930.30065,14452.45849,14362.9795,15022.32195,15724.20093,15825.53711,15597.88988,15526.28646,
Brunei Darussalam,BRN,72704.13884,73059.72848,75743.83723,72049.72967,72591.88255,75206.69767,75723.02057,70094.64534,66227.59519,67318.12128,68267.10637,69182.91074,71767.56698,73220.9551,71456.04966,69787.43992,73959.78379,72339.6569,67936.23657,64037.00617,65774.62495,68992.11294,68402.94926,63776.94282,59045.62356,57141.21695,53085.03036,53311.50016,52256.10253,55258.63702,
Bhutan,BTN,1420.555736,1388.886454,1520.288425,1592.706861,1758.951633,1996.124304,2168.595411,2319.341926,2486.298643,2765.245378,3022.931998,3401.94769,4024.226415,4503.994911,4889.085401,5456.749806,6083.687158,8332.481392,8968.825462,10018.96556,12294.01118,14014.58126,15122.3539,15388.31549,16797.77702,18643.21872,21277.09438,22752.2025,23588.9724,0,
Botswana,BWA,6595.603769,7168.56542,7183.90112,7087.400282,7244.529296,7907.007014,8442.233972,9452.745511,9113.154854,10496.48373,10482.91063,10144.82756,11015.95685,11648.48481,11857.9158,12484.19051,14077.56581,15815.56751,17111.70032,14032.87431,15984.52265,17475.33416,18618.63736,22570.59999,23874.94809,22377.87229,23469.21562,23844.07709,24908.5413,25283.82574,
Central African Republic,CAF,1406.183009,1322.198129,1095.470649,1040.794433,1081.280964,1175.925598,1028.388448,1084.381891,1132.576487,1159.856132,1053.460225,1099.778703,1131.532331,971.847235,1048.896539,1026.913399,1084.037395,1141.485765,1147.303807,1313.023084,1405.420484,1503.867975,1646.436731,662.6968999,658.9532924,708.123572,761.8270188,811.3708395,847.8742553,869.3778023,
Canada,CAN,24282.14959,22708.13517,22577.96329,23278.1969,24866.95623,25687.6678,25977.45022,27692.80593,28781.63598,30610.84617,33073.82074,33279.10987,34829.98924,36864.77775,39071.12083,42266.5395,44943.97624,50342.7148,50261.90204,46292.01753,48114.65783,50198.26929,50866.35553,52149.68475,54087.53885,53990.99701,53844.41108,55960.32764,56631.01034,56878.94602,
Central Europe and the Baltics,CEB,9549.103336,7804.673858,7478.842884,7724.958648,8362.006926,9337.949543,10240.73229,10659.58622,11252.76473,11692.0832,12790.26592,13795.99815,15019.485,16360.72163,18496.88401,20487.55972,23414.27656,26707.54145,29198.74223,27342.57477,28260.06469,30274.40376,30949.53811,31952.04573,34083.5701,36972.29903,39535.17802,43717.1812,47871.9198,51685.91934,
Switzerland,CHE,50773.81732,48617.5013,47515.61066,46540.49211,46974.96692,46798.17817,46888.99686,48873.18974,51532.23755,52787.7723,56388.57741,57150.54376,56475.62555,55687.8573,58019.62439,60905.49527,65039.51948,69249.2991,70452.37776,65693.75969,68261.28657,69039.44555,68955.5143,69907.01127,71604.50437,71871.68657,72762.67876,74010.59632,76995.24831,77329.29268,
Channel Islands,CHI,0,0,0,0,0,0,0,0,0,0,0,0,0,0,0,0,0,0,0,0,0,0,0,0,0,0,0,0,0,0,
Chile,CHL,5034.345316,5661.062119,6768.820978,7443.885643,7956.935767,9162.466134,10157.6838,11409.54826,12102.18797,11711.44362,12690.07604,13240.6274,13775.71559,14616.31125,16454.76918,18019.50584,19942.43031,21482.85253,22537.93099,21380.55898,23460.05222,25893.18527,28172.85459,29906.88062,30322.55908,30996.96913,31228.08026,31076.29432,32658.05941,32570.61497,
China,CHN,379.9577586,441.6489872,562.1956791,712.3643662,890.1077598,1072.145811,1268.73058,1483.097893,1691.904356,1927.632613,2233.42646,2583.68367,3036.08027,3630.52644,4349.846638,5334.614027,6702.718343,8655.3669,10301.16149,12206.72487,14797.83756,17590.10448,20265.35497,23305.07545,26623.16109,30196.26745,34102.6994,38571.18727,43556.40386,48691.08721,
Cote d'Ivoire,CIV,5517.130192,5137.719297,4759.783708,4419.027682,4192.847054,4502.143234,4898.664299,4952.855467,5137.087488,5015.420353,4566.476652,4363.724178,4036.062148,3764.524299,3700.239599,3670.180753,3622.518658,3590.358319,3609.855841,3676.344395,3651.648318,3182.733151,3715.252127,4192.253646,4719.585137,5316.148185,5804.83502,6358.314092,6890.6789,7476.301209,
Cameroon,CMR,3483.328281,3035.819898,2687.981561,2151.147291,2120.796919,2148.985452,2217.912203,2329.753701,2414.857151,2493.179771,2536.971133,2621.339834,2700.857521,2799.423364,3024.628315,2982.024745,3022.381304,3148.48555,3191.503267,3154.855346,3194.057435,3278.576388,3392.766478,3569.932239,3791.88994,4011.557422,4165.528525,4236.936365,4354.613276,4474.181102,
"Congo, Dem. Rep.",COD,4251.000428,3312.440501,2454.569669,1700.229328,1460.078427,1387.844427,1285.519745,1089.929006,1007.251609,880.5633931,725.1122239,657.5298597,657.119592,688.8730128,736.9854078,778.9679157,810.1981505,857.0350674,905.4162629,896.3744112,962.0535316,1027.917172,1102.658644,1214.004384,1361.377072,1456.724171,1430.398147,1441.906472,1513.753141,1547.549853,
"Congo, Rep.",COG,3881.386388,3852.228901,3838.695393,3561.044371,3007.847869,3074.233029,3158.435005,2944.358208,2990.019484,2677.812503,2925.096514,2976.957285,3076.676746,2952.23127,2977.345858,3246.067749,3428.051629,3099.820894,3225.667958,3488.712427,3881.978526,3926.406179,4016.848048,4091.256268,4442.594904,4454.02386,3999.690077,3663.635448,3591.495245,3350.900492,
Colombia,COL,6936.406222,6939.209829,7224.825969,7721.054729,8325.233132,8881.86264,8926.871126,9224.837542,9021.315445,8011.278131,8218.875106,8234.787923,8392.111111,8798.724718,9489.413334,10150.24527,11265.458,12521.77394,13047.02002,13052.42727,13955.76408,15655.9811,16602.83492,18021.01482,19285.55418,19970.82705,20254.74833,20192.78948,20587.09418,21378.69233,
Comoros,COM,3328.462802,2808.889472,3120.660734,3124.744856,2648.167432,2688.114096,2479.177436,2542.464539,2473.924403,2440.869959,2851.613404,2842.609302,2835.955304,2818.95288,2792.382061,2815.692913,2828.215953,2739.153524,2823.61297,2865.785275,2942.271361,3037.974505,3082.709628,3208.177161,3188.660645,3110.735834,3170.828231,3265.472741,3340.383582,3372.145208,
Cabo Verde,CPV,615.8776433,603.3667594,703.3342488,785.0661146,1054.641378,1306.253468,1544.645356,1825.773911,2219.869789,2643.373339,3328.892994,3360.05616,3601.469897,3788.251264,4466.472274,4964.818905,5638.736099,7295.066104,8099.297088,7706.828765,7743.021453,8163.020237,8131.325876,8053.433671,7948.326458,7910.330451,8464.503949,8888.978299,9490.078252,10359.95115,
Costa Rica,CRI,6767.307048,6716.779669,7602.775694,8280.766649,8593.888944,8866.795029,8658.392492,9204.803606,10065.98673,10423.81845,10806.04379,11165.80937,11527.77719,12152.74788,12849.75493,13476.10227,15073.04621,17164.89869,18308.6678,17500.26133,18802.27282,19967.83312,21418.71898,21893.45244,22941.2676,24108.03244,25650.42367,27106.07015,28004.74897,28630.27983,
Caribbean small states,CSS,6950.352273,7128.952371,7396.761834,7759.438626,8033.801265,8349.909858,8744.668208,9121.03425,9461.783282,10071.11923,10647.3641,10960.74435,11623.69023,12899.7293,13789.29237,14580.27279,16417.5001,17301.38418,17559.26147,16148.55397,16384.30679,16568.6193,16733.96374,16846.53538,16795.01142,16929.1519,16141.7344,15926.61887,16190.86931,16290.7367,
Cuba,CUB,0,0,0,0,0,0,0,0,0,0,0,0,0,0,0,0,0,0,0,0,0,0,0,0,0,0,0,0,0,0,
Curacao,CUW,0,0,0,0,0,0,0,0,0,0,30247.91205,32094.96178,32271.27189,31146.1542,30215.5014,29102.86384,28557.74674,28824.62432,29351.81946,28665.00316,27994.61403,27544.66799,27016.02241,25992.57714,24728.35878,24218.69805,23244.98203,22300.23056,21444.88518,0,
Cayman Islands,CYM,0,0,0,0,0,0,0,0,0,0,0,0,0,0,0,0,0,0,0,0,0,0,0,0,0,0,0,0,0,0,
Cyprus,CYP,16846.61131,16234.09831,18422.74641,17800.74553,19154.25997,21690.81436,21538.19792,22056.59263,24233.06537,26124.65802,28717.00028,30370.16885,31933.2348,32823.01073,35249.74013,37653.76543,39932.36573,42268.95748,43183.95808,39293.63301,38808.94751,37174.94694,33616.23382,29491.59014,29034.71802,31382.76789,35433.60126,37880.37782,40027.49434,41530.55729,
Czech Republic,CZE,18377.01795,14425.06953,14250.13267,14238.14994,15067.77549,17021.81237,18532.85248,18352.6052,18266.72854,18832.3896,20588.87788,21968.5235,22788.32835,24474.03845,26918.23672,30466.12784,34597.35079,38135.0081,39546.73979,35433.37401,36847.44093,38011.75708,37301.58398,36917.12378,38867.10121,42934.61254,44891.89728,48625.8488,51090.21082,53345.70339,
Germany,DEU,30594.24487,33310.78419,34085.38457,32984.49239,34346.33576,35201.19471,35574.97962,36747.66357,38234.96741,39644.15267,41859.39211,43147.36401,42832.00636,42176.21949,43204.66861,43880.4698,47398.84772,50404.51183,51574.99032,46098.80173,50185.74922,56248.94695,56509.35685,56684.15998,58743.64017,59761.67868,61456.53893,64043.24239,65619.04337,65999.60224,
Djibouti,DJI,0,0,0,0,0,0,0,0,0,0,0,0,0,0,0,0,0,0,0,0,0,0,0,0,0,0,0,0,0,0,
Dominica,DMA,5951.279325,6120.442728,6340.781696,6564.416409,6529.735093,6920.734754,7390.816066,7791.221152,8489.651405,8635.914231,9092.828467,9078.543229,8529.014544,9574.95314,10086.75177,10159.72211,11087.84418,12514.32915,14347.03625,14003.85631,14182.11372,14103.64927,13787.45591,13493.6999,14692.21735,13873.81031,14541.53775,12577.95707,13092.81245,14543.46937,
Denmark,DNK,29656.61998,30331.15043,31322.09924,31120.73471,34295.80716,36026.5826,37717.16881,39884.23473,41371.66325,43557.70151,46570.59455,47002.40084,47139.63573,47250.34505,49548.70738,51606.19559,55358.8553,55872.36639,54655.6353,48897.71193,50295.75747,51225.85611,51072.37964,51598.16207,52745.23398,54470.34354,57164.68621,58755.42953,60991.25491,63365.10459,
Dominican Republic,DOM,3739.053527,3667.84363,4369.779451,4854.407021,4929.231449,5316.443237,5772.247847,6622.515285,7304.854187,7947.167834,8444.231743,8604.218491,9124.950591,8631.240846,8831.157547,10291.30888,11945.23693,13430.20223,13947.75313,13862.90355,15876.60797,16483.17492,16981.3666,18243.90691,20428.83466,22830.75744,25396.09684,27214.35728,30482.6764,32965.76045,
Algeria,DZA,7166.291307,6659.449191,6584.445415,6036.535389,5687.84625,5898.668816,6172.023457,6108.009532,6547.39647,6778.389493,7107.588024,7345.469312,7984.951939,8944.981022,9477.665433,10337.62494,10382.08704,10760.94979,10920.4046,10891.01193,11274.81829,11496.93417,11821.52065,12002.2896,12416.38724,12817.0109,13101.71985,12905.8011,12747.50087,12460.86057,
East Asia & Pacific (excluding high income),EAP,834.9307789,938.4866051,1106.445639,1310.372751,1548.717448,1810.665493,2088.602929,2315.960992,2292.673574,2511.529329,2833.742447,3149.007038,3581.035367,4141.142015,4809.587956,5655.797834,6773.443994,8314.632023,9578.31165,10868.64473,12854.28395,14825.0424,16861.77862,19042.83122,21370.45661,23896.23582,26650.19812,29817.87928,33310.58543,36830.77822,
Early-demographic dividend,EAR,3328.825637,3475.297042,3614.80915,3719.485229,3831.721436,3924.665365,4235.699866,4451.255704,4461.628937,4524.435958,4760.010316,4732.294602,4787.643622,5173.507718,5664.041816,6171.927314,6737.336631,7330.511692,7626.727026,7663.28018,8454.894049,9067.466036,9592.009985,10213.44709,10897.32595,11714.18502,12632.74832,13565.1177,14408.89411,14974.64167,
East Asia & Pacific,EAS,2855.978701,3085.366484,3324.993807,3584.848507,3933.627259,4350.114354,4792.542837,5113.509478,4986.82011,5299.804189,5819.746983,6145.148541,6658.499467,7294.679095,8129.191716,9067.893392,10247.02872,11819.98309,12846.52593,13532.60634,15591.44017,17251.13293,18980.98667,20858.28677,22738.40735,24712.66982,26837.43543,29423.79061,32062.41683,34629.15857,
Europe & Central Asia (excluding high income),ECA,15712.41634,13935.04309,10924.6082,9405.034575,7236.286921,6837.967348,6706.181117,7025.874874,6772.314836,7102.876587,8318.400493,8855.414748,9833.224713,11250.37642,13177.12155,15071.63573,17577.3457,20331.96825,21940.70662,19105.76407,20987.59092,23291.65677,24768.22972,26280.66269,26871.54649,26668.50085,27093.73117,28791.40744,30199.26265,31007.64645,
Europe & Central Asia,ECS,19148.17427,18712.38408,17745.70322,17020.66644,16739.80839,17228.65853,17690.94004,18636.10635,19388.84582,20461.85493,22353.71943,23421.71471,24336.42007,25409.83495,27258.63723,28895.6162,31395.50212,33895.46118,34682.53368,31245.47584,32801.48459,34505.71459,34701.21662,35209.93648,36140.38504,37116.80375,38191.752,40170.67382,41794.10959,42892.05465,
Ecuador,ECU,7237.830768,7513.405718,7482.261107,7436.073835,7731.175274,7738.280537,7672.834151,8007.969859,8197.3543,7150.250687,7034.384983,7337.909392,7677.036185,7828.990927,8864.282225,9503.68919,10017.82563,10117.20327,11070.88622,10837.8242,11252.01191,12695.54582,13750.06014,14697.3427,15350.82123,14891.45679,14040.8472,14202.46403,14065.48994,13615.57149,
"Egypt, Arab Rep.",EGY,4412.005838,4311.424321,4508.560552,4582.338959,4758.610506,5005.740502,5299.90018,5665.786541,6068.10247,6561.660817,7143.072146,7371.374323,7442.574919,7636.314639,7976.499721,8397.033222,9251.980156,10244.71295,11352.34569,11982.99413,12732.72772,12640.21807,12636.94203,12610.17666,12766.22905,13306.40409,13879.84075,14447.82957,15385.62468,16478.9316,
Euro area,EMU,25641.43146,26773.13046,27263.49341,26676.83544,27837.64071,29066.68494,29923.00853,31430.65023,33232.52298,35032.72656,37545.11954,38950.48154,39345.20042,39514.21486,40916.02151,41902.35405,44271.32012,46515.89136,46447.51946,42022.10303,43590.54525,45211.91559,44158.15356,43607.63348,44534.42608,46168.77212,47686.10394,49947.91921,51690.27474,52801.10022,
Eritrea,ERI,0,0,0,0,0,0,0,0,0,0,0,0,0,0,0,0,0,0,0,0,0,0,0,0,0,0,0,0,0,0,
Spain,ESP,20023.68437,20949.35459,21132.47964,20485.21355,21269.7555,22261.57322,23267.24695,24813.2527,26818.35482,29044.57886,31885.44298,33968.02959,34850.09182,35646.56182,36621.80878,38038.37344,39853.2676,41223.46199,40640.52061,36978.38306,36758.99231,35906.63024,33768.92894,33022.15119,34146.01858,36872.53355,39075.81086,41174.81481,42757.4338,43941.05588,
Estonia,EST,0,0,0,5448.317368,5501.151073,6228.962032,7064.465454,9236.421026,10248.67931,10106.4536,12134.54311,13803.86167,15946.46718,18684.07348,21554.69929,26137.48417,31838.10695,37180.98497,33673.13096,24749.22809,26218.12682,30451.05589,32616.55019,33739.92368,35974.07094,37264.78762,39229.04288,43762.99328,47696.28723,51560.21363,
Ethiopia,ETH,682.2127306,548.1681409,425.5301432,507.1389624,503.7382864,530.8362557,629.7775994,630.4302326,554.0408454,578.2627882,614.1835142,680.0723186,661.7707726,598.3638902,729.3951,862.3553306,1002.291869,1178.559078,1369.407408,1534.140518,1838.149229,2147.784837,2395.824466,2768.667661,3182.491426,3670.343128,4163.751438,4739.008292,5131.025155,5713.54633,
European Union,EUU,21790.88684,22259.1892,22561.99355,22194.04189,23280.86772,24505.4988,25422.24931,26666.4426,28199.80365,29737.93265,32028.2828,33407.32994,34098.90947,34598.70373,36272.66219,37528.08551,40066.326,42495.72655,42963.31036,39174.93572,40692.94114,42360.16802,41633.55209,41423.13757,42598.69679,44512.7873,46235.3104,48794.84359,50913.33259,52458.35715,
Fragile and conflict affected situations,FCS,0,0,0,0,0,0,0,0,0,0,0,0,0,0,0,0,0,0,0,0,0,0,0,0,0,0,0,0,0,0,
Finland,FIN,24225.02549,21223.92171,19626.76853,19181.49583,20554.29651,22154.88067,23653.95479,26586.85689,29411.14577,31895.36029,35536.68503,37245.72937,38341.91029,39704.01235,42688.91618,44787.4586,48097.09938,52877.65506,53212.27228,44537.79569,46988.9545,48957.56099,47148.08728,45876.67141,45167.30026,45359.85432,47577.86679,50336.98576,51853.68774,52782.86209,
Fiji,FJI,6683.685915,6210.683439,6822.214541,6919.492026,7432.191948,7612.005591,8170.367618,7651.063706,7706.327416,8983.77991,8580.539015,8863.275997,9408.781083,9578.642552,10574.60082,10625.65653,10856.74962,10461.49805,10448.26381,9964.577798,10410.80761,10889.51376,11157.14801,12223.32533,13605.00223,14829.10881,15448.34757,16972.74195,17943.61346,18061.70589,
France,FRA,27454.12752,27723.70322,28334.40243,27737.84813,28846.03267,29857.72781,30490.77347,31707.00335,33773.65199,35754.45134,38089.90083,39043.62027,39358.71852,39446.20148,41100.51229,41843.45399,43310.16658,44877.18689,44604.95366,41647.73968,42861.75638,44331.12068,44179.44945,44232.39735,44657.23024,45333.22202,46088.01412,48022.22524,49608.83207,50973.74814,
Faroe Islands,FRO,0,0,0,0,0,0,0,0,0,0,0,0,0,0,0,0,0,0,0,0,0,0,0,0,0,0,0,0,0,0,
"Micronesia, Fed. Sts.",FSM,2507.703146,2751.168977,2824.355228,3144.289359,2987.90113,3327.035995,3073.210251,2704.024893,2874.777564,2977.79977,3295.783602,3454.928424,3502.168144,3621.875358,3419.828971,3594.273532,3640.262844,3570.350132,3459.874651,3575.04303,3743.067622,3944.150768,3721.892233,3361.059039,3117.730413,3322.372002,3301.920498,3404.144202,3347.259685,0,
Gabon,GAB,20966.87601,22353.17994,19885.86486,20366.41895,20782.9282,21747.6442,22192.32242,23593.62163,24038.13734,18983.11339,17413.29531,17318.89243,16431.3622,16364.57433,15771.92039,15760.04294,14074.7062,14918.56512,13116.15821,12319.25361,13183.7944,14053.60575,14432.25697,14933.26578,15118.97095,15261.90029,14967.61816,14289.48953,13792.31864,14029.82833,
United Kingdom,GBR,22013.07966,21397.3445,21452.98506,22426.77787,24062.19232,25162.47905,26297.69894,28218.50929,30136.88976,32024.37274,34019.89341,35797.05704,37164.49732,39279.85249,40701.18035,42739.74623,44497.43341,45965.35202,44993.41978,40632.76729,41575.55104,42201.26924,42858.54857,44117.15523,45768.70918,47196.39443,48286.87667,49454.85967,50178.06575,51025.68559,
Georgia,GEO,16950.80918,10404.80924,3110.355342,1530.992986,1267.536858,1438.448772,1912.624989,2490.945312,2782.362135,3067.997556,3308.022669,3748.090934,4245.150142,5307.189105,6014.084963,7315.198493,8858.404563,11344.90565,11972.83535,11313.85202,12959.86045,15190.65135,17442.32376,18841.55195,20529.35956,21720.47093,22973.90257,25246.08829,27786.58402,30816.50492,
Ghana,GHA,1776.899588,1858.725834,1893.078392,1965.633943,1983.862032,2037.55451,2116.392283,2184.600039,2279.290556,2365.510847,2422.180223,2494.576449,2594.020591,2733.071489,2899.998069,3092.596913,3326.737646,3440.071236,3892.375881,4066.403474,4504.523627,5581.613158,6358.603625,6990.011048,7069.372046,7053.273399,7216.381164,8072.955855,8724.769923,9473.120488,
Gibraltar,GIB,0,0,0,0,0,0,0,0,0,0,0,0,0,0,0,0,0,0,0,0,0,0,0,0,0,0,0,0,0,0,
Guinea,GIN,1267.773941,1261.324324,1273.620026,1332.50396,1366.543195,1418.828321,1468.754173,1541.891388,1573.63691,1615.205189,1621.337296,1669.899304,1774.856597,1750.682951,1763.33023,1795.878926,1761.186399,1921.870636,1990.659565,1859.05639,1952.092381,2082.988693,2236.218494,2310.532028,2370.797994,2431.536928,2832.270758,3262.641531,3475.808247,3660.777884,
"Gambia, The",GMB,2315.370078,2281.027646,2275.424761,2264.976568,2135.591344,2043.0844,2006.666391,2076.141113,2090.988825,2224.803669,2326.12901,2444.078369,2146.082837,2299.12556,2473.192928,2216.191804,2062.214249,2062.286289,2194.100141,2352.200355,2484.945311,1974.433757,2058.236359,2049.915377,1875.602626,1912.32246,1872.062359,1938.40992,2074.595291,2197.672856,
Guinea-Bissau,GNB,2371.510682,2503.959309,2446.111253,2438.401497,2486.503837,2599.244405,3110.407301,3394.141417,1688.811719,1657.619299,1769.026361,1770.440472,1660.875679,1605.129863,1617.987362,1677.709937,1673.835094,1699.995743,1723.164875,1750.589564,1819.655951,2017.333048,1848.186092,1868.376247,1806.450504,1931.351039,2071.552948,2209.285563,2264.570959,2358.918866,
Equatorial Guinea,GNQ,33.39220501,30.68012816,52.17153834,60.11605904,76.30135302,97.95980582,252.0861121,1456.505834,2058.805138,2996.183291,3856.582191,9480.458682,12454.07402,14867.91603,25972.41243,32389.86173,34299.08442,41550.38242,52532.36967,49185.33039,37244.0492,38641.8609,41518.80819,35018.83658,32483.13892,24750.34034,19030.13844,15700.94247,12797.93343,10632.94156,
Greece,GRC,17117.06367,17763.16978,17739.62386,16975.59581,17485.42992,18057.90612,18938.72738,20472.34372,21854.56868,23040.81754,24679.7839,26484.44505,28394.17146,31628.80688,34738.95916,34950.88902,38780.07001,41150.55157,40658.72554,37041.3119,33008.30268,27335.404,23745.27793,22555.60619,23197.55759,23299.88254,23404.86444,24210.2779,25258.25036,26293.26334,
Grenada,GRD,5452.714534,5589.87982,5415.675692,5093.322432,5149.002446,5270.849131,5668.213811,6181.574192,7651.515705,8673.560777,9467.927672,9015.47329,9574.371307,11390.65685,11170.05481,14246.19139,13063.30444,14640.33603,14843.92902,12864.13727,12626.72246,12685.82663,12244.93233,12656.42263,14388.28676,16095.44537,17113.07653,18461.58697,19814.44467,20866.65949,
Greenland,GRL,0,0,0,0,0,0,0,0,0,0,0,0,0,0,0,0,0,0,0,0,0,0,0,0,0,0,0,0,0,0,
Guatemala,GTM,4578.637884,4662.125319,4862.13063,4990.339286,5138.611562,5388.802469,5444.284778,5656.674284,5947.990507,6117.552229,6255.047092,6242.97216,6432.566633,6473.679607,6601.477023,6752.494287,7200.774,7821.96454,8028.155675,7813.295527,7969.944172,8338.164094,8532.013386,8857.807895,9334.203595,9777.358055,9971.78277,10244.88773,10570.39635,11048.8597,
Guam,GUM,0,0,0,0,0,0,0,0,0,0,0,0,0,0,0,0,0,0,0,0,0,0,0,0,0,0,0,0,0,0,
Guyana,GUY,2123.345755,2380.927663,2734.270197,3152.749673,3667.351364,4020.261947,4691.482821,5328.835123,5208.840415,5582.40599,5474.30759,5749.944298,5887.519961,5807.788273,5981.260226,5743.589244,6344.888092,7264.37907,7547.462016,8073.688055,8715.688639,9578.593207,10521.53679,11485.43795,12265.69197,12889.34339,13630.80942,14068.34745,15097.88941,16390.45421,
High income,HIC,23509.38094,23851.17588,24604.17786,24883.93568,26183.11093,27302.81238,28613.57764,30213.18047,31516.6333,33239.74643,35631.29945,36303.09049,37041.05335,38347.91596,40593.76553,42510.88057,44757.17751,46752.9624,46623.35282,43064.48016,45141.37743,46653.31642,47391.43983,48274.42132,49791.963,51650.83327,52935.13716,54981.30871,57047.33978,58533.2832,
"Hong Kong SAR, China",HKG,18982.49304,20860.09706,23150.37529,25228.76272,27117.0233,27316.19448,27170.00812,29516.27881,25712.81858,26506.84663,30188.20725,30081.12633,30811.95061,32853.5869,38218.01407,43690.40209,49412.82518,55053.42467,56738.43898,53750.25394,60378.28346,65446.03176,66212.30608,69819.62711,72701.80911,74928.7221,77252.20777,81984.42531,85368.40146,82103.96851,
Honduras,HND,3501.86741,3091.85612,3287.738771,3524.609686,3345.14302,3563.503717,3492.296916,3607.888209,3657.179453,3407.196077,3713.407427,3715.20452,3797.296056,3946.234309,4240.044789,4546.238807,4928.570358,5312.213294,5524.612497,5042.336841,5210.333017,5403.570838,5643.975523,5751.453768,5896.207701,6140.113169,6403.678148,6804.702588,7077.159599,7216.884691,
Heavily indebted poor countries (HIPC),HPC,1655.255903,1574.846024,1460.64384,1399.659589,1324.581131,1376.33411,1439.443409,1475.738165,1495.732767,1509.577646,1504.500562,1544.871741,1557.677147,1602.765077,1684.6082,1790.130171,1911.413281,2052.446881,2187.453032,2258.18507,2383.906835,2505.797605,2650.106385,2814.453082,2967.966353,3096.100822,3219.996562,3383.98328,3485.881636,3594.233815,
Croatia,HRV,0,0,0,0,0,9408.869524,10831.78791,12465.09499,12985.38775,12884.6685,14017.30592,16168.81572,17844.5099,19902.90673,21581.39498,23423.23414,25812.36704,28615.21942,29638.17144,25489.78733,24845.07379,24862.46856,23907.95489,23778.46299,23923.17053,25520.66119,27714.17314,30197.93596,32421.56381,34697.83525,
Haiti,HTI,2955.015092,2948.153863,2542.595948,2188.881617,1634.332314,1902.053907,1988.814888,2023.590631,2039.098454,2077.107976,2041.739941,1932.527347,1859.507317,1812.132258,1632.345431,1637.70729,1657.861882,1714.871185,1689.679578,1740.397034,1584.116443,1711.607413,1759.191571,1857.159699,1906.930437,1900.738269,1904.579297,1899.306498,1906.880099,1825.191869,
Hungary,HUN,0,11156.826,10491.77987,10394.92082,11046.85953,11410.12823,11468.27444,12249.78568,13285.58351,14194.30767,15575.07376,16947.58209,18698.93232,20374.03659,22486.01099,24532.33435,26632.81479,26845.01378,27512.39592,24023.78134,24454.3083,25496.17066,25008.16772,26143.20149,28535.99428,30919.66911,32486.27504,35544.11459,39357.25705,43381.53821,
IBRD only,IBD,3482.689417,3402.607013,3331.064326,3399.904665,3454.906165,3608.528632,3878.335303,4143.719374,4192.822906,4404.204037,4801.233433,5028.613109,5368.124395,5898.418196,6676.252088,7472.300205,8529.528448,9830.687575,10714.78754,10975.23845,12413.26809,13657.86557,14786.19407,15999.73198,17168.66611,18295.67311,19679.73412,21346.99467,23042.10226,24550.67253,
IDA & IBRD total,IBT,3226.395819,3144.982213,3072.022356,3110.768643,3137.44502,3260.525292,3485.490504,3695.379978,3729.281957,3894.625158,4211.204487,4395.106282,4670.38654,5096.314622,5728.089723,6367.933136,7207.529743,8231.501394,8912.703907,9117.499597,10221.43441,11164.37688,12018.0162,12944.95697,13833.3251,14664.37802,15654.78788,16860.86845,18075.10129,19111.60485,
IDA total,IDA,1883.351514,1841.168297,1808.706417,1739.029428,1673.120372,1703.237168,1777.613478,1795.315487,1821.716759,1851.262844,1903.316896,1988.057519,2092.60378,2208.331683,2400.404732,2589.514094,2794.83952,3024.68148,3191.921734,3372.095971,3601.459827,3807.363333,4033.284071,4329.478576,4637.40066,4877.156089,5045.539454,5300.945338,5574.41844,5752.231931,
IDA blend,IDB,2700.495538,2672.883995,2704.454816,2559.104874,2490.912534,2483.013642,2581.456457,2548.278169,2556.690834,2550.752538,2614.167302,2710.534434,2924.443562,3087.431389,3406.7943,3653.738091,3900.821458,4160.537627,4269.921038,4520.262066,4793.876359,4996.387048,5197.480047,5534.838578,5904.176309,6114.909192,6128.584135,6253.210806,6477.539874,6468.695596,
Indonesia,IDN,3066.590076,3385.493119,3712.047045,4073.862372,4563.541698,5182.13148,5846.609726,6225.557166,4566.961505,4511.828643,4831.522205,5049.922596,5366.895493,5735.44462,6159.502693,6699.272032,7260.922074,7997.00575,8753.003777,9330.71132,10250.35968,11246.88911,12306.87996,13349.8724,14339.19405,15376.9632,16554.95246,17851.58661,19302.35674,20827.33952,
IDA only,IDX,1450.161874,1397.876077,1327.35825,1301.373432,1236.37164,1289.652892,1351.550261,1399.102423,1436.188381,1488.062075,1535.083238,1616.611308,1659.36808,1751.958149,1876.110457,2037.200822,2223.799631,2442.168122,2648.760924,2790.404957,2996.960067,3208.405869,3455.946469,3734.630667,4012.37018,4278.54645,4556.238094,4913.589249,5235.831259,5558.891326,
Isle of Man,IMN,0,0,0,0,0,0,0,0,0,0,0,0,0,0,0,0,0,0,0,0,0,0,0,0,0,0,0,0,0,0,
India,IND,1011.129139,991.3365387,1059.697004,1117.839603,1223.193256,1362.216005,1517.054866,1582.153198,1719.455856,1964.857816,2045.08346,2170.78258,2261.356035,2545.353937,2870.419061,3239.333036,3667.462387,4124.507132,4256.507898,4814.346273,5516.308784,5954.275438,6460.657599,7141.196888,8052.143708,9183.95917,10531.00387,11813.08622,13029.99948,14083.26537,
Not classified,INX,0,0,0,0,0,0,0,0,0,0,0,0,0,0,0,0,0,0,0,0,0,0,0,0,0,0,0,0,0,0,
Ireland,IRL,12313.84813,12647.3929,13324.14771,13911.57355,15436.9322,18365.45318,20857.02626,25143.99928,29091.37324,34731.62942,40508.32682,43490.44622,47174.93195,48462.43419,53214.17578,56918.58224,59539.03338,62337.31792,54604.10105,48208.76281,49428.09614,49336.02819,49140.7654,49949.34731,58008.76103,89173.42664,93713.51031,107241.1244,122408.9708,132311.9696,
"Iran, Islamic Rep.",IRN,6235.52585,7521.060816,7658.258667,7573.331681,7137.413933,7261.319621,7813.780889,7680.4209,7810.504764,7742.723346,8460.303499,8380.348458,9404.313479,10846.99988,11534.54826,11998.21606,12932.51858,14798.30157,14550.9932,14520.00191,15885.48716,16348.16935,13671.15613,13284.72148,14169.10909,13438.83034,16818.16433,17610.22755,0,0,
Iraq,IRQ,8416.395304,1031.457834,1713.630566,2741.899116,2783.133662,2729.317603,3162.020788,4367.460714,7465.545947,9708.323569,9401.074085,9270.348523,7575.418032,3204.578712,7233.056389,7531.345576,8792.344555,8738.874794,9896.771179,10152.41895,10907.51644,11821.30928,14245.36962,15256.53236,14363.09233,14115.68775,17689.25128,15984.41138,15088.61495,15720.9509,
Iceland,ISL,24858.92818,24180.78884,22016.30595,22143.52414,23362.06736,23163.89022,25058.92105,27573.61448,30955.31818,32708.31023,35014.41021,36806.27409,36649.27421,37803.42158,43360.30511,47495.79186,50199.58897,57079.92172,57208.87178,49379.14189,46176.9323,47639.09471,48364.87576,51463.3527,52449.17062,56362.22023,62325.53986,64999.09004,66398.85847,65729.99901,
Israel,ISR,19130.09632,19683.21696,21330.0329,21925.26712,24026.39273,25885.13097,27100.27587,27845.30935,28725.04929,29025.72237,31789.72437,30397.96839,29189.15903,28703.02669,30074.0598,31347.90837,33720.10032,36409.56154,37275.97999,36195.88191,38916.10682,41177.78362,41496.89605,43362.03016,44924.32094,45179.29017,46970.88563,48437.06903,49881.03988,51454.14122,
Italy,ITA,30389.46446,31288.35644,31769.40861,31191.6945,32534.74933,34439.21923,35297.44158,36562.59249,37876.79097,39105.1908,42084.91446,43694.29422,43785.89003,43518.75922,44190.92988,44477.44621,45808.37669,46706.84777,45209.5343,40192.72112,41326.7412,41769.5281,39105.04543,36814.87574,36142.19289,36777.79651,37863.79459,39254.83613,40035.83578,40443.7365,
Jamaica,JAM,7443.055055,8050.912722,8221.836103,9657.693923,9734.130499,9999.413975,9783.245048,9375.202842,8772.299653,8795.84316,8803.183063,8906.851374,9141.754875,9704.418426,9849.453398,9916.919511,10390.72868,10583.96549,10310.90659,9341.99995,8975.950391,9187.853672,8972.256444,8957.686934,8978.513193,9044.744128,9198.216578,9290.054733,9562.2725,9608.513338,
Jordan,JOR,5362.013663,4998.882849,6291.429974,6173.155912,6175.126893,6431.683979,6301.279132,6407.960125,6537.515641,6749.098341,7076.78041,7559.597677,8143.746347,8460.710753,9456.764938,10360.48975,11209.73779,12034.78824,12596.29624,12677.88621,11958.77819,11300.93804,10682.28464,10185.02395,9877.24883,9595.364073,9397.058395,9347.880325,9372.13239,9471.550439,
Japan,JPN,27504.05559,29234.05518,29584.7621,29134.9281,29514.66841,30918.53755,32699.19773,33247.88182,32325.61579,32045.69339,33738.89539,33850.11977,33772.62146,34664.08197,36185.03099,37391.28553,38412.02557,39602.22982,38703.33002,34632.86519,37583.65342,37636.11053,38893.94781,40582.40504,40995.76902,42093.84128,42632.58498,44648.06195,45119.65816,45903.366,
Kazakhstan,KAZ,10981.65829,8590.510878,7714.740899,6445.46414,5068.494928,4423.686148,4605.446215,4916.28459,4897.42388,5264.80114,6385.533603,8254.031516,9950.272372,11807.37456,13987.44609,16536.01541,19839.89414,22996.39119,23948.46828,23266.6596,26041.01813,29189.90059,31168.76313,34027.37403,35873.38555,35681.17072,35447.83135,37383.07381,39459.9432,41993.08608,
Kenya,KEN,3443.303595,3316.464966,3059.627566,2893.219952,2866.190312,2943.020941,3011.427204,2871.719505,2897.02848,2868.986414,2748.340293,2802.861624,2683.979212,2693.696707,2818.104712,2992.340942,3210.192353,3467.676974,3296.23233,3329.532497,3705.436795,3953.123315,4097.983532,4359.56378,4597.691679,4888.742908,5221.396361,5471.235711,5905.728647,6265.257407,
Kyrgyz Republic,KGZ,7564.057484,6203.769082,4500.563377,3214.75764,2054.522315,1801.371367,2005.39813,2353.142086,2379.911937,2482.219336,2694.836657,2933.093148,2878.740981,3229.307074,3610.635798,3517.720509,3659.867015,4230.436624,4877.566506,5040.017872,4874.895654,5341.323765,5157.257806,6097.669262,6338.791317,6563.733776,6859.98265,7240.227127,7490.432656,7844.578056,
Cambodia,KHM,0,0,0,1467.094332,582.2503616,659.3491339,696.0672011,711.4744041,739.5976161,894.816332,1048.820505,1162.496037,1272.384692,1447.57244,1706.147928,2120.551877,2523.660407,2975.469979,3288.264945,3196.643554,3480.438429,3865.144877,4308.355319,4804.399644,5337.464974,5921.965412,6574.903358,7277.407359,8158.295024,9083.283283,
Kiribati,KIR,2122.744656,2048.963404,2025.594801,2009.582496,2028.048207,1973.468004,1980.344041,1981.877995,2175.404668,2037.614431,2223.306183,2085.951955,2172.632835,2183.486739,2035.927007,2154.713441,2061.486569,2050.218487,1877.449052,1826.599544,1724.10298,1718.846638,1826.956815,1928.691628,1850.033069,2192.932903,2355.758953,2329.79495,2368.229558,2402.363274,
St. Kitts and Nevis,KNA,9522.17234,9116.028711,9756.660646,10893.38578,11800.77635,12822.3171,14094.57111,15800.48743,15382.59747,16094.96399,19211.95887,20889.7535,21388.01279,19436.78834,20524.31954,24138.34203,24082.30989,23926.62977,26492.09682,23976.70835,23284.64432,23724.58834,22281.15082,24310.16088,26985.28851,27085.32291,28172.57886,26634.06835,27789.85492,28778.60364,
"Korea, Rep.",KOR,5598.851872,6736.111792,7440.826504,8328.565935,9745.904295,11476.7501,13107.23955,14500.21736,12863.74214,15757.43845,18431.4825,19955.05084,22891.11364,24103.52126,26463.54024,28671.22899,31437.42119,34835.82776,36409.5018,36610.22581,41348.20153,43773.86343,45422.38871,47904.71963,50385.12139,52696.95024,55407.02898,58633.25518,61215.23729,63477.41909,
Kuwait,KWT,0,0,0,0,0,55509.88014,54745.60943,52017.25957,48761.40399,41403.00702,41327.49413,39240.44629,40338.15336,54268.94853,63643.44612,73155.51756,77351.62318,78086.92141,72890.44969,55791.10347,47278.0663,50676.73406,51561.79172,47576.08503,43864.32319,41101.41249,40913.41636,35353.20318,34831.11798,33963.78238,
Latin America & Caribbean (excluding high income),LAC,8787.569093,9053.226536,9180.530915,9637.362248,10325.02543,10048.94817,10513.94814,11273.48687,11491.24102,11239.22312,11699.09547,11409.39722,11200.09706,11446.41956,12374.84694,13031.32975,14038.3211,15197.59358,15972.92307,14931.13262,16618.10955,17755.04787,18237.73412,18896.29201,19069.09353,18903.50735,18541.43688,18929.42344,19149.91118,19069.07023,
Lao PDR,LAO,1076.78598,1107.593206,1168.642837,1243.930328,1384.841261,1514.826162,1659.516747,1821.769318,1897.679465,2110.020626,2284.081883,2473.909211,2691.52687,2938.137978,3223.915164,3584.319668,4093.366914,4582.601726,5150.163691,5756.015094,6563.092286,7424.996041,8405.92859,9521.350097,10701.48559,11946.3606,13267.95737,14696.17134,16084.19946,17088.97758,
Lebanon,LBN,3999.324117,8221.480176,10055.53442,11078.85049,11778.87843,12417.96129,14686.12351,14608.60747,15402.32749,14802.84256,14460.30004,14455.42334,14080.54209,13627.30522,14304.2393,14263.70887,14334.62781,17073.6749,20333.16928,24213.85056,26656.3349,24583.9101,22805.24862,21551.28886,20182.00629,18625.1991,18191.89568,17959.44206,17087.76634,15185.41863,
Liberia,LBR,0,0,0,0,0,0,0,0,0,0,2381.590404,2345.786293,2408.797064,1135.782398,1151.791294,1212.069697,1322.05309,1466.924576,1550.56377,1587.928224,1663.709919,1827.430023,2011.168835,2252.122158,2168.82094,2060.866202,1897.031712,1895.24948,1848.922062,1681.972051,
Libya,LBY,0,0,0,0,0,0,0,0,0,13531.66192,14104.06068,13187.63543,12528.33152,15496.62898,16383.71395,19883.48634,21881.41624,24026.67481,24628.47382,23649.81015,25551.2244,3616.543559,17788.391,13133.9351,7487.091891,6110.293923,5642.846184,8813.575345,11343.08099,11580.22653,
St. Lucia,LCA,10207.16771,9995.884267,11360.79995,11230.896,11326.8533,11442.73419,11803.56226,11321.75969,12440.02204,12781.44883,12512.38381,11461.00946,11381.44001,12198.08617,13813.27844,13433.03157,14791.33961,14886.71701,15942.42145,14669.33271,14821.09542,16218.07706,15952.40245,14809.96322,15201.06152,14653.51186,15687.55152,16628.83848,17338.79679,17767.04215,
Latin America & Caribbean,LCN,8653.368273,8941.080093,9137.656985,9606.36618,10287.99039,10092.02335,10581.77153,11374.72533,11641.37168,11415.46647,11896.1633,11660.08156,11475.02025,11746.39792,12742.88111,13427.33273,14465.38883,15639.90096,16428.49767,15387.56469,17067.50121,18249.26594,18811.54836,19515.22982,19706.05395,19587.96646,19258.32939,19634.30893,19891.30531,19825.30082,
Least developed countries: UN classification,LDC,1213.010246,1181.146673,1127.017473,1065.671727,1022.475595,1084.777276,1152.097406,1197.192101,1227.336936,1273.257826,1319.255268,1395.886755,1464.713302,1549.803267,1679.840931,1867.953179,2069.154917,2319.708712,2544.521266,2682.720966,2884.477361,3067.68257,3295.627168,3531.971497,3786.763594,4001.139616,4196.099223,4460.024045,4696.129181,4938.94987,
Low income,LIC,1645.972561,1533.90873,1327.986632,1236.781209,1133.289062,1163.737132,1210.641298,1246.24739,1246.537425,1260.087458,1255.765912,1320.499253,1347.407573,1406.941575,1492.829166,1624.162172,1766.377691,1959.680548,2123.598766,2237.770104,2391.898937,2535.457023,2669.739939,2847.74553,3028.465764,3186.187213,3340.040475,3512.332225,3608.416163,3725.264111,
Liechtenstein,LIE,0,0,0,0,0,0,0,0,0,0,0,0,0,0,0,0,0,0,0,0,0,0,0,0,0,0,0,0,0,0,
Sri Lanka,LKA,2166.011629,2313.458092,2464.669242,2757.759468,3017.874909,3304.536845,3512.39448,3932.281302,4267.070592,4593.016036,5098.071009,4871.868171,5182.87529,5719.559841,6252.824037,6944.226564,7927.12138,8908.697657,9858.833563,10422.92217,11995.53017,13908.02872,16525.30331,17393.10252,18807.22661,20359.98879,21742.08808,22804.51,23832.47363,24630.05041,
Lower middle income,LMC,2143.133198,2048.324384,2033.914151,1959.708871,1924.084685,1995.964524,2119.741882,2181.939809,2288.184829,2452.323621,2572.18445,2715.771359,2857.253036,3129.416896,3480.956126,3824.499973,4233.849395,4685.011103,4920.18691,5216.792412,5759.66919,6135.724873,6558.464587,7073.707457,7665.780113,8310.784276,9053.338511,9822.419308,10603.17751,11258.36547,
Low & middle income,LMY,3107.307166,3047.601793,2973.955608,3006.570543,3023.030818,3131.343775,3343.918305,3546.529349,3574.060128,3737.998905,4045.612922,4224.908427,4493.911635,4913.26667,5524.84999,6154.431295,6970.403062,7969.525991,8626.654556,8849.373618,9962.065993,10892.25802,11747.19267,12676.1714,13562.05843,14382.86792,15369.58079,16558.07544,17750.63876,18775.80996,
Lesotho,LSO,871.5188264,953.2754502,1042.419165,1068.439916,1150.170396,1179.409302,1267.040272,1316.29166,1317.332686,1300.809889,1385.595695,1481.768206,1512.065138,1671.962776,1750.489854,1892.43574,2068.704986,2280.406023,2597.600117,2702.55452,2732.335496,3008.023436,3389.397033,3630.24896,3786.757395,3929.954875,4270.124043,4092.996462,3991.941484,4047.82164,
Late-demographic dividend,LTE,3241.616014,3162.285796,3007.166758,3105.388195,3204.348856,3442.19503,3678.243928,3964.314122,4033.312984,4326.067684,4874.980254,5295.560175,5845.944207,6573.661954,7567.778264,8623.811783,10120.01183,12058.47855,13550.81625,14107.70488,16144.82754,18182.56243,20055.8586,21972.06764,23827.88161,25525.60377,27332.69453,29787.46677,32548.88442,35187.68294,
Lithuania,LTU,0,0,0,0,0,5389.877917,6050.641219,7201.330123,8438.335001,8365.802126,9146.959836,10551.94368,12221.61017,15177.89099,17622.73022,21128.55156,25164.96726,31801.00711,34190.58693,25367.96823,27244.5431,32041.88718,35484.68515,38833.0955,42327.04686,44902.6348,48442.94901,54138.74483,59277.63212,64706.12304,
Luxembourg,LUX,44184.76745,50774.92035,51259.52697,54182.07191,56832.47517,56852.14103,56872.30912,61978.76214,67985.50259,77873.97552,88816.10944,91173.83439,96233.87322,97008.68598,101224.7423,104501.9081,111975.6532,127468.7018,119864.7555,105657.1702,112022.32,112662.3807,106623.2812,109383.7118,113506.8453,117800.1821,123389.3244,121805.8178,124601.4168,125414.1839,
Latvia,LVA,0,0,0,0,0,4473.359522,4811.220884,5824.810665,6715.382123,7217.083687,8203.944566,9516.181188,11175.391,13396.97757,16072.16615,20141.68049,25682.11619,31593.01465,30140.86965,22913.14556,21797.71485,25537.05849,28387.78634,30368.50593,32142.61046,34838.56799,36751.09344,40295.48422,44510.87418,47190.42596,
"Macao SAR, China",MAC,30495.20056,30973.35102,37876.05884,40140.1943,41889.17973,42925.57447,40882.31881,39053.71734,34144.78457,31202.77223,33375.93005,33712.3147,38097.72573,45181.27075,69115.81572,76985.08382,94517.76276,118600.3997,121562.4773,119560.2662,179452.5806,253638.8522,288654.188,340639.4747,318200.2653,187969.6849,178835.165,209238.406,226014.7066,199615.1914,
St. Martin (French part),MAF,0,0,0,0,0,0,0,0,0,0,0,0,0,0,0,0,0,0,0,0,0,0,0,0,0,0,0,0,0,0,
Morocco,MAR,2788.221551,3090.463598,2858.421371,2720.736773,3219.830109,2793.401771,3426.663322,3231.147343,3620.645119,3607.694699,3655.997978,4109.910031,4267.041143,4678.535091,5018.387167,5229.775207,5911.933772,6189.928432,6781.190964,7189.188109,7551.02544,8141.345307,8400.72897,8922.779212,9143.538018,9719.810946,9664.150504,10229.284,10577.59653,10797.98417,
Monaco,MCO,0,0,0,0,0,0,0,0,0,0,0,0,0,0,0,0,0,0,0,0,0,0,0,0,0,0,0,0,0,0,
Moldova,MDA,0,0,0,0,0,4486.896202,3990.950263,4154.114217,3631.284815,3401.448149,3560.798387,4026.433553,4700.775891,5371.922868,6227.126355,7231.32842,7986.468534,8512.20201,9929.628365,8795.998263,10109.54194,11333.24167,11202.90164,13328.02232,14711.9644,14844.68461,16558.42642,18772.92671,21170.67062,23492.44972,
Madagascar,MDG,2201.331075,1822.659647,1758.780591,1726.790294,1623.603163,1578.254411,1547.302695,1562.075219,1583.472251,1629.846159,1670.794713,1764.287819,1273.43358,1444.8752,1507.962015,1559.874551,1634.503081,1723.992968,1854.230831,1615.750831,1546.961728,1510.403865,1517.450684,1504.18923,1521.850988,1533.76867,1571.882318,1609.357126,1668.150924,1737.345112,
Maldives,MDV,0,0,0,0,0,8908.427492,9964.15773,11298.16264,12610.33592,13693.64768,14153.07891,12436.2349,13553.43283,16566.10623,17612.62943,12606.61823,19096.55783,21152.35722,24147.17027,19628.90755,21086.80354,22963.44584,22142.70173,23283.0448,24479.7507,23694.92037,24522.81998,25668.49904,27173.4347,28378.11028,
Middle East & North Africa,MEA,8260.393182,8550.468435,9025.824261,9011.124656,9010.261178,9000.79069,9473.034082,9701.582951,10225.90874,10202.34815,10947.72536,10835.13296,10783.6596,11578.64041,12914.94163,13677.80011,14676.80275,15561.61433,16339.93102,15922.91807,16828.41128,17363.72452,17910.20837,18107.97873,18472.91744,18797.13376,19993.63002,20028.69695,20379.50509,20497.33477,
Mexico,MEX,12581.53609,13167.45892,13614.436,13657.47128,14533.99631,12346.61204,13630.92967,15083.5585,16183.3629,16589.76682,17751.11281,17120.29823,16643.2955,16667.35785,17509.37742,17815.19483,18894.42961,19191.31029,19054.28683,16595.73334,17818.04553,18620.55678,19466.8214,19478.28882,20066.6994,20883.09565,21590.53173,21996.75126,22435.30142,21887.03086,
Marshall Islands,MHL,3242.849165,3098.251055,3436.094161,3770.969343,4162.883536,4828.131378,3872.827011,3400.821343,3357.820568,3265.363055,3310.913626,3680.678392,3819.138501,3548.033924,3481.582509,3540.127455,3522.401963,3682.578494,3187.989619,3271.851754,3769.368527,3690.939795,3495.001424,3730.564852,3629.968449,3712.574332,3771.261114,4038.131303,4283.636102,0,
Middle income,MIC,3205.765696,3150.790727,3085.16867,3127.923829,3154.574271,3273.16934,3502.130248,3721.636417,3756.7724,3937.699736,4274.798091,4472.536885,4770.241229,5230.531678,5900.244114,6590.096764,7486.156643,8583.828922,9313.749675,9572.501663,10810.18065,11852.01198,12815.32377,13861.44377,14864.4552,15802.36812,16931.97435,18293.48684,19676.19476,20878.51049,
North Macedonia,MKD,11587.39811,10231.42996,8973.858836,7719.270223,7467.713117,7290.749639,7418.193364,7556.037151,7975.56291,8577.197181,9279.504853,8650.631726,8858.126135,9215.756719,10061.86874,11000.46735,12126.02441,13716.26041,15230.5962,15096.33533,16100.96207,16834.86429,16652.82449,17610.95968,18881.32076,20335.05986,21480.63788,21921.52743,23108.98285,24767.20755,
Mali,MLI,1022.209237,1222.149592,1089.848116,1100.40495,1123.103333,1084.818471,1180.442949,1232.042198,1353.359289,1432.895373,1352.890403,1698.519109,1699.935793,1902.410028,1841.553818,1959.225507,2009.327938,2013.212459,2067.634801,2127.760857,2215.435011,2220.669561,2058.452554,2032.945828,2200.444967,2338.793187,2465.045852,2579.936142,2660.516063,2764.692634,
Malta,MLT,11068.71229,11841.28319,12713.23837,13603.59427,14903.15288,16620.21071,17666.03392,19278.24316,21029.99475,22790.22956,25647.4412,25573.37811,26720.35695,27729.8687,27603.04803,29354.73974,30217.19773,32447.29009,34207.28164,32056.45031,34032.03355,34668.30366,35979.83087,38451.05292,43726.79693,51233.13992,54813.87757,58825.69152,63175.81883,63988.74351,
Myanmar,MMR,200.8205503,192.9984239,226.5250869,248.9459069,281.0659322,313.9359377,346.934065,377.428837,412.2465005,494.9812271,625.7321487,759.2347075,933.8557339,1187.964803,1506.00084,1911.956244,2409.968178,2983.691572,3582.410552,4322.463644,5123.759667,5625.758689,6374.81792,7368.070463,8452.442623,9529.557334,10511.021,11750.66009,13228.68155,13829.68337,
Middle East & North Africa (excluding high income),MNA,5320.720617,5000.110896,5209.615468,5236.200615,5178.078735,5242.858954,5652.205951,5808.493668,6342.380278,6661.394181,7036.94133,7128.11375,7351.083347,7547.417261,8403.529957,8863.737735,9546.188725,10412.70888,10868.69357,11098.57851,11840.45205,11429.13707,11566.46944,11557.38844,11696.0229,11705.08098,13024.97884,13392.893,13798.46608,14239.68343,
Montenegro,MNE,0,0,0,0,0,0,0,11231.84331,12435.23027,10263.31574,10947.44422,11099.89366,11434.5701,11913.89124,12945.89483,14009.44397,16471.46678,18739.48784,21467.92488,18970.27961,19948.64467,21212.88975,20039.28225,21445.00134,22173.79008,23676.23567,25081.7778,27497.33209,30375.05037,32623.95443,
Mongolia,MNG,4221.713205,3413.218151,2746.855378,2530.907159,2600.210407,2897.636047,2980.3093,3164.523313,3322.498214,3468.837747,3486.338429,3627.853934,3902.619996,4376.694915,5238.286657,5883.371701,6758.597979,7994.84791,9208.957353,8697.664098,9509.405835,12609.92974,15302.20987,18326.61543,20492.97023,20652.37005,20344.23252,21748.86884,24132.5956,25755.71975,
Northern Mariana Islands,MNP,0,0,0,0,0,0,0,0,0,0,0,0,0,0,0,0,0,0,0,0,0,0,0,0,0,0,0,0,0,0,
Mozambique,MOZ,270.3372382,282.4632804,232.0965287,261.9741012,274.8246136,267.831398,311.7055042,365.8372739,420.430118,498.7307146,484.041367,574.590701,647.220061,697.2156964,765.5896237,821.7415913,934.694623,1026.244497,1118.189413,1196.525562,1284.378068,1402.33445,1526.867266,1652.805662,1802.645254,1940.015948,1974.493396,2005.232154,2023.654601,1995.216446,
Mauritania,MRT,4643.858957,4567.706454,4501.423901,4792.481464,4278.915103,4904.547901,5220.996943,4570.518348,4588.650643,4683.436131,4100.928136,3822.913682,3718.053272,4019.116979,4165.710013,4638.012115,6133.543398,5565.505481,5218.790829,4933.831604,4900.364948,5013.632527,5157.91133,5274.522378,5408.983826,5668.506279,5489.646999,5557.966047,5482.096838,5823.423552,
Mauritius,MUS,4703.312789,5020.229991,5547.508681,5982.15547,6308.118827,6743.681677,7366.162333,8024.403678,8840.590236,9074.581468,10417.6106,10952.32056,11152.982,12334.05706,13257.98665,13571.8356,14786.08144,16378.28383,18059.30707,19174.41219,20790.60432,22448.64708,23912.74958,25434.52147,27276.06329,29171.40605,31410.33054,33791.09587,36340.2345,38941.66154,
Malawi,MWI,577.8756128,655.5892618,553.0575433,662.1210655,529.5954157,707.2056936,785.7472498,807.0145409,824.3000791,827.195627,808.9907083,694.7493772,684.429908,728.6772755,770.5856838,780.1359883,809.9613739,919.9914885,1006.817429,1115.500422,1203.038893,1249.021636,1224.52313,1280.395946,1352.529958,1352.585548,1345.672259,1379.88946,1393.16894,1439.510409,
Malaysia,MYS,5864.770899,6670.276575,7511.579894,8628.177071,9789.806259,11228.16119,12910.14207,14127.6945,11527.19395,12366.67533,13989.08219,13527.08413,14411.53125,15494.10575,16984.30854,18117.55671,19417.0878,21097.12906,22315.53425,20873.23162,23286.86945,25025.63469,27046.71906,28844.55899,31556.39324,33926.62075,36021.45078,39195.87419,41853.42939,44363.37517,
North America,NAC,29524.87837,28598.06676,29702.6279,30553.41615,32294.62106,33261.11002,34889.81327,37162.99372,39562.7712,42408.1012,45035.9497,45057.87581,45882.99514,47782.19245,50545.32792,53285.07664,55399.47529,56849.73043,55722.4,51949.25361,53765.68174,54769.23827,56348.56934,57650.42176,59646.29552,61986.70055,62924.23465,64947.76899,67869.23253,70189.50444,
Namibia,NAM,4341.309359,4784.460185,5207.029755,4799.442116,4740.411214,4893.178997,4990.365326,5201.462601,5336.20361,5495.438442,5686.222987,5636.680996,6004.6442,6334.39221,7746.328205,7888.260727,8743.405889,9370.795977,9520.789422,9233.824917,10015.37438,10676.56177,11379.32299,12256.68697,13231.54165,13943.20817,13362.39639,12805.4305,12505.17662,11773.85639,
New Caledonia,NCL,0,0,0,0,0,0,0,0,0,0,0,0,0,0,0,0,0,0,0,0,0,0,0,0,0,0,0,0,0,0,
Niger,NER,1305.825844,1220.926143,1189.317782,1121.509761,1083.668881,1058.212848,994.4291042,954.8264164,1073.680619,998.0952337,909.1213552,970.0492885,989.2380878,965.1655955,902.541729,961.4622982,999.1337121,985.2259865,1061.076804,1020.114358,1110.522555,1076.858465,1218.441053,1255.777012,1319.055341,1329.477349,1374.70219,1403.536197,1488.933495,1545.716836,
Nigeria,NGA,2658.019519,2544.20076,2648.326873,2417.511925,2217.185674,2106.413133,2175.837996,2193.578075,2196.088233,2113.613647,2217.113217,2365.425117,2991.478099,3276.641412,3715.722777,3997.439693,4267.789401,4600.259699,4973.011235,5503.437894,6085.877534,6397.134911,6586.965303,7104.435552,7612.502602,7608.043025,6986.99294,6739.258306,6647.953595,6597.561907,
Nicaragua,NIC,2761.556264,2631.082461,2534.972626,2405.852853,2461.514565,2651.663235,2886.786711,3010.059438,3129.151011,3470.414561,3645.70778,3751.369334,3700.984408,3783.648657,4083.175425,4320.762339,4560.271746,4898.468343,5098.78155,4639.777609,4922.422746,5416.138294,5980.597121,6411.942463,6857.538472,7336.856986,7817.626205,8343.06423,7505.992592,6766.579359,
Netherlands,NLD,27001.44334,27891.63865,28418.47441,28734.366,30096.14329,31686.41208,33630.67447,36230.54785,39202.41297,42676.87461,45675.49938,47109.33235,46714.09991,46419.52915,47946.25997,49700.25743,53029.41263,56858.43138,58892.91768,54093.77225,54989.19401,56181.84959,54624.29051,54161.86422,55315.19751,56996.38179,58891.98655,61637.33479,64127.60708,65696.56511,
Norway,NOR,28199.59531,29681.96313,31476.33161,32899.03204,35898.34812,38541.60017,42085.91537,46148.41188,48027.12343,49300.20278,51833.73158,53463.08327,54430.43586,54779.31227,58518.74609,60798.02905,62732.42659,65182.41872,64184.90759,60443.1593,59786.37145,59404.36048,61034.69875,60814.90833,61823.78884,63013.38339,63246.82392,65158.65097,65973.24953,66600.37715,
Nepal,NPL,997.9351689,1071.645179,1100.217775,1123.529995,1247.733152,1270.344996,1344.470114,1419.402383,1445.1431,1515.484106,1648.222291,1750.375903,1701.274201,1786.451385,1905.885549,1989.585178,2073.496787,2164.606021,2385.325531,2564.583839,2790.588481,2978.606545,3282.751559,3578.484783,4023.231418,4260.744209,4233.571204,4827.990425,5317.861872,5867.787311,
Nauru,NRU,0,0,0,0,0,0,0,0,0,0,0,0,0,0,5560.187856,5620.190467,6349.115421,3767.629911,5572.561949,6567.907829,8001.901956,9582.434996,11376.21672,17511.87236,23378.72907,22697.85894,22253.14881,20303.60697,23478.20899,23939.52944,
New Zealand,NZL,20798.46437,18468.15099,18485.46889,20452.13404,22006.8052,23437.64475,24379.89616,24731.73746,24686.13456,27163.81848,28428.9511,30076.1632,31828.38159,33444.10629,35132.59411,36667.22498,37850.27905,39467.24136,38007.70814,37146.62702,37469.17289,38663.53259,39974.01028,41461.25471,43197.427,44660.99203,46032.37825,46953.97271,49574.56746,50163.03294,
OECD members,OED,22413.73447,22594.06205,23161.61035,23390.56939,24477.34086,25384.16685,26619.33774,28161.81901,29404.86264,30882.33319,32996.48454,33417.52743,34024.69157,34975.31881,36827.82473,38480.32996,40448.1852,42136.61322,41804.21051,38467.6989,40303.81199,41586.65159,42185.79165,42984.82899,44289.94272,45986.34767,47062.11949,48944.37562,50649.42075,51811.0337,
Oman,OMN,22801.23703,23491.83578,25175.28717,25934.68011,26031.22303,27261.67229,28115.70578,31243.50458,32855.01367,32684.7463,35893.68162,38267.44778,36161.56093,32799.66831,32039.12479,31916.01362,33554.07971,34533.80495,37719.13906,38853.49119,38164.29521,32664.98509,33728.02733,31719.97852,29267.17344,28562.23714,28559.21013,26501.88919,25617.45788,24382.91988,
Other small states,OSS,0,0,0,0,0,0,0,0,0,0,11512.16398,12141.57161,12858.17086,13608.0938,15540.65579,16644.77299,19238.97578,21988.74828,23989.34122,23570.92011,26152.6228,28777.09965,29647.25671,30333.26871,31045.5628,31320.83571,31473.54614,31635.54218,31725.96847,31437.04225,
Pakistan,PAK,2293.735381,2390.728399,2622.944144,2570.64013,2617.838566,2727.203918,2832.121489,2728.652162,2710.731353,2756.053031,2841.376154,2897.107054,2900.608022,3096.920972,3420.55116,3706.824,3970.697405,4169.106285,4121.357213,4167.690367,4117.720335,4163.45568,4274.853987,4467.050738,4693.870682,4937.986845,5274.371989,5637.664601,6060.55436,5935.174488,
Panama,PAN,7058.757857,8105.233816,9104.004742,9715.751308,9864.076591,9802.713046,10193.17603,11091.07901,12271.95041,12732.18406,12913.89168,12565.85985,12640.45008,13218.69363,14723.52669,16304.59881,18557.01849,22443.12154,26130.21014,25849.09848,27949.69817,33449.85919,38951.98953,43023.76306,45903.58517,49594.99892,52789.47949,56885.33949,59127.58399,60697.5586,
Peru,PER,3664.583467,3677.24572,3498.178314,3729.935512,4531.385154,5037.061037,5129.236095,5606.20414,5370.222008,5355.131634,5485.849791,5414.093733,5887.417217,6262.071405,6773.157839,7519.02772,8548.495351,9903.434147,11605.04054,11671.765,13476.98332,14990.9461,16611.84609,18280.58843,18761.08602,19504.99691,20461.62087,20802.33013,21730.08941,21953.39084,
Philippines,PHL,3543.177625,3332.265555,3195.216833,3176.267466,3301.863384,3453.72536,3695.989903,3908.82273,3695.894363,3758.859325,3924.616454,3993.587126,4119.075589,4365.91363,4766.10658,5054.238992,5408.387996,5930.098613,6245.722572,6219.30643,6930.250967,7226.631508,7981.135689,8792.402053,9621.950753,10544.01711,11746.12478,13048.0731,14349.11641,15700.80073,
Palau,PLW,0,0,0,0,0,0,0,0,0,0,12116.83827,13324.25596,13898.95715,12894.88454,14126.91003,15430.05476,15343.75614,16393.35243,15331.44538,14096.91187,14704.47628,16555.20639,17375.50478,16952.8229,18426.19497,22227.68867,22430.63434,20686.0239,21161.70646,0,
Papua New Guinea,PNG,2064.878658,2364.241479,2925.792612,3903.579156,4181.882556,3728.573055,4122.917851,3624.41496,3195.815969,3161.439807,2872.074942,2744.561579,2625.73132,2631.83102,2663.804045,2883.482576,3059.061438,3389.074107,3208.99426,3489.599682,4042.564285,3955.688394,4154.258041,4298.98451,5323.651711,6130.289902,6379.762709,6572.247805,6222.760619,6676.321052,
Poland,POL,6764.622215,5807.419888,6065.883675,6494.747702,7170.126564,8179.459757,9186.275146,10397.76423,11371.42275,12453.75865,13902.68979,14259.72277,14861.6875,15960.96448,17663.11844,18935.33354,21374.86562,24514.81087,26635.47571,28120.82951,30359.28043,33446.10869,34530.48524,35541.30899,37996.12158,41024.15995,43614.03564,48015.4111,53289.71922,57813.04158,
Pre-demographic dividend,PRE,2370.193404,1881.707618,1857.264005,1734.184882,1640.846953,1653.578927,1747.244643,1841.408456,1999.696575,2067.728069,2067.464171,2144.811653,2270.45359,2169.1602,2545.468058,2731.053063,2952.014556,3171.926017,3405.183222,3556.989544,3784.209085,3932.60838,4179.758307,4426.654004,4606.694316,4642.762125,4668.235719,4591.943354,4551.150169,4580.965379,
Puerto Rico,PRI,13569.29279,14002.35972,15113.31485,16273.37823,17339.15682,18605.61596,19044.40119,20562.76442,22638.45568,24893.9597,26403.20825,29714.83019,30184.03721,30178.4933,35675.31207,34370.71461,33692.84211,33301.59943,32463.35668,31550.36853,31608.51238,32116.63669,32922.59987,33479.45613,33772.41913,34251.44829,34709.28878,34356.77879,33863.3791,34665.13964,
"Korea, Dem. Peoples Rep.",PRK,0,0,0,0,0,0,0,0,0,0,0,0,0,0,0,0,0,0,0,0,0,0,0,0,0,0,0,0,0,0,
Portugal,PRT,17879.03413,19565.11628,20024.86744,19167.95217,19434.74036,20989.24697,22317.59231,24108.91417,26216.60556,27986.56054,29742.30586,30476.81857,30611.39554,29819.62027,30748.53979,31115.55987,32019.36233,33512.82884,33630.02575,31502.77252,32577.15879,31574.15108,29300.63652,29079.89419,29862.75964,31200.01603,32678.42552,35181.42705,37180.4014,38916.23397,
Paraguay,PRY,8380.557865,8522.772591,8380.937367,8786.484197,9289.424268,10114.43968,9967.587077,10357.78581,9931.004443,9263.751254,8488.634586,8027.086761,7726.171936,8109.372083,8484.333708,8568.198185,9130.228482,9860.813465,10852.87225,10509.25803,12635.09549,13361.50087,12860.07113,14706.79049,15736.86795,16278.19894,17249.84172,18512.34443,19271.37775,18778.62499,
West Bank and Gaza,PSE,0,0,0,0,3608.086411,3785.399159,3545.752191,4262.777687,5294.808242,5898.687597,4686.726275,3662.583286,2665.115158,3291.940354,3808.441053,4442.447741,3898.243859,4208.35265,4482.036226,5017.20102,5566.061963,6687.326548,7190.451821,7160.651342,6807.863014,6956.621176,7292.094214,7454.783051,7215.415075,0,
Pacific island small states,PSS,4614.437461,4388.094091,4725.14972,4809.937052,5109.943591,5300.014007,5534.774212,5214.808064,5266.452869,5805.098309,5535.731053,5583.897635,5737.024104,5806.572469,6193.968928,6259.515149,6380.605904,6278.3949,6299.227173,5954.126158,6150.807702,6443.281345,6440.537279,6733.725938,7145.684742,7576.37407,7821.389961,8283.234741,8516.837228,8526.724821,
Post-demographic dividend,PST,24143.59569,24312.57445,24787.57515,24858.30714,25913.90648,26964.86328,28179.79633,29740.27893,31058.83264,32906.61097,35261.49987,36108.78858,36938.64726,38152.8454,40285.32842,42169.83353,44369.32165,46344.01648,46087.7724,42446.90049,44505.18486,45791.298,46384.84217,47198.04949,48522.65197,50080.82215,51328.47988,53427.78356,55435.09695,56945.16905,
French Polynesia,PYF,0,0,0,0,0,0,0,0,0,0,0,0,0,0,0,0,0,0,0,0,0,0,0,0,0,0,0,0,0,0,
Qatar,QAT,0,0,0,0,0,0,0,0,0,0,89686.21655,89847.13981,95055.92781,90352.95121,105185.5891,92095.82794,104977.8902,102957.5275,102526.2426,96844.60027,110088.7316,117648.7373,110810.6498,106709.4394,104151.4241,102810.7718,100195.2969,98116.41424,96972.45545,93209.66012,
Romania,ROU,10519.12873,8116.706395,6879.057708,7110.333696,7702.838995,8728.331115,9478.276093,8630.901218,8318.438852,8281.852989,8717.084037,9923.685524,11501.33938,12221.19817,15073.78058,16719.18391,19744.21225,23384.83241,28887.36573,26220.91121,24504.30814,25749.92816,27070.73128,29223.22024,31485.70809,34291.72085,38097.91684,44223.85978,48805.35738,53504.22637,
Russian Federation,RUS,23096.77081,20705.1852,15095.70034,12605.45721,9642.277603,8863.608133,8234.356213,8494.561766,7643.260875,8706.580075,10623.97187,11835.22097,13093.79047,15212.68715,17623.52298,20104.30017,23691.2613,27985.52644,30998.91156,26335.81919,28733.56105,31209.08038,33657.8919,34701.82902,33980.1735,32512.20177,32518.86611,33640.11615,35373.90382,36379.00525,
Rwanda,RWA,764.1034885,768.7869551,962.6820099,930.6843071,256.4874587,485.1722284,581.0349376,660.7050569,665.6136902,624.1369112,655.2709271,716.4477536,875.7623773,887.1580287,995.3198196,1148.12206,1308.930898,1441.96957,1689.222851,1807.56632,1977.369067,2192.292892,2463.337179,2572.082998,2758.37128,3107.206772,3313.055244,3398.264338,3799.342729,4316.665453,
South Asia,SAS,1139.724374,1134.730827,1215.216509,1267.430683,1365.161117,1496.485799,1638.882662,1695.06164,1815.493241,2025.307803,2113.461411,2223.259054,2301.965677,2558.213113,2858.436255,3198.7629,3588.299983,4001.248,4136.730303,4600.680733,5171.451336,5555.902312,6020.053339,6595.702876,7350.659354,8268.060361,9356.260885,10415.54279,11448.54742,12280.23634,
Saudi Arabia,SAU,38667.57614,47911.09308,48795.70608,44939.71508,43219.91568,41449.75361,41871.22589,41169.95283,41945.03947,37281.42157,39725.97034,36824.44165,32881.5779,38364.13885,42138.25964,44309.51258,44244.29394,43426.72735,46394.65847,42058.87064,43765.70028,49830.48727,52049.85096,51668.28007,52450.61959,54012.91391,53365.49081,50511.80075,51127.81376,49773.57242,
Sudan,SDN,1110.314503,1218.707372,1314.456159,1364.420987,1320.897649,1407.567171,1496.917618,1733.771466,1786.293382,1797.322008,1923.183884,2063.267134,2210.140221,2425.789168,2475.562497,2705.188116,3100.047885,3648.65352,4015.604841,4058.140321,3827.468743,4936.168142,5934.455529,6164.541542,6193.216676,6495.438827,6786.812966,7035.403661,6399.028045,5792.377949,
Senegal,SEN,1988.608855,1969.766469,1902.203106,1841.318039,1740.145508,1831.302737,1811.696361,1835.753965,1964.28312,2120.137609,2153.632085,2244.901976,2166.197185,2346.318099,2500.823849,2650.835303,2641.91794,2759.525966,2831.921523,2795.68087,2838.358789,2764.471669,2889.11865,2888.191914,3103.642994,3319.650395,3550.033646,3872.356783,4145.034642,4347.736808,
Singapore,SGP,20815.96424,22382.89317,23969.51943,28310.36084,32817.92257,35491.29916,37792.47401,41462.89138,37057.02346,40763.96861,46816.29269,43414.294,46031.89736,51807.95276,60937.14041,67010.51818,74792.04898,81789.83641,76305.3313,72012.66474,91164.21236,98876.04169,102729.3679,109310.3105,115061.9565,119180.3496,123782.8532,134513.0314,142575.7689,141401.108,
Solomon Islands,SLB,2321.49095,2465.667214,2958.751649,3022.062784,3404.391269,3768.467541,3677.748509,3378.347634,3310.974777,3103.616417,2160.387069,1733.314375,1552.337496,1670.621182,1747.072756,1848.737472,2017.54292,2220.505759,2434.935742,2109.41224,2292.229244,2790.78213,2893.342677,2908.658484,2880.107553,2869.477439,2898.336386,2955.840622,3025.952394,3031.582934,
Sierra Leone,SLE,1714.090912,1771.882494,1162.662015,1205.226707,1169.080623,992.192167,1023.155041,896.9853533,909.8070238,842.7418527,908.1839121,740.7939311,1085.09949,1181.955839,1230.400453,1244.902517,1268.441901,1402.841474,1486.08889,1512.93821,1605.076426,1733.515626,2198.633,3064.134379,3205.113292,1934.409734,2083.600967,2167.363615,2222.295761,2371.911024,
El Salvador,SLV,4034.087852,4044.114562,4505.762916,4910.056927,5244.039707,5616.91507,5586.720756,5826.523425,6031.36593,6193.796188,6241.702188,6268.238796,6391.993139,6523.187878,6574.562797,6870.622477,7413.376369,7625.407466,7954.752014,7562.248536,7817.223732,8353.120095,8752.831096,9066.229251,9292.783201,9651.050503,10050.02917,10402.41991,10803.70122,11209.74696,
San Marino,SMR,0,0,0,0,0,0,0,49787.49597,56313.93743,65470.77296,66786.60366,72583.67033,71165.72992,74718.23408,79550.92734,81284.68576,85425.72263,95651.43097,92400.85606,72480.88221,63061.64699,51574.01386,43339.58023,41496.52072,39940.48813,41129.67996,42545.57435,42622.89037,43334.35083,0,
Somalia,SOM,0,0,0,0,0,0,0,0,0,0,0,0,0,0,0,0,0,0,0,0,0,0,0,0,0,0,0,0,0,0,
Serbia,SRB,0,0,0,0,0,4875.875066,5516.803182,6376.289734,6861.303777,5669.900717,6427.498436,7367.470825,8352.991769,9140.90069,10916.7498,12230.87698,13618.92165,15555.01354,17512.68986,16702.36716,17084.27275,18070.19896,17998.57524,19241.2454,18810.2225,19678.1818,21236.03347,22351.9842,24626.23776,27022.11943,
Sub-Saharan Africa (excluding high income),SSA,2627.069685,2504.191959,2351.07625,2187.063413,2115.525489,2147.832013,2254.500564,2291.592527,2284.210049,2268.73814,2294.858268,2372.439355,2538.780412,2616.467707,2819.009722,3018.34866,3230.0231,3480.565963,3669.057074,3715.819148,3929.033955,4107.364495,4266.571715,4479.596701,4674.673126,4722.395499,4631.033894,4657.899547,4670.624371,4678.53692,
South Sudan,SSD,0,0,0,0,0,0,0,0,0,0,0,0,0,0,0,0,0,0,0,0,0,0,0,0,0,0,0,0,0,0,
Sub-Saharan Africa,SSF,2633.649092,2511.945289,2360.804796,2198.257403,2127.314862,2160.05279,2267.58641,2306.030101,2300.165802,2284.7895,2312.892851,2390.602111,2556.416793,2635.094824,2837.994902,3037.035443,3249.757571,3501.825704,3691.299902,3738.370149,3952.48489,4131.812391,4291.374979,4504.844748,4700.576772,4749.158462,4659.064611,4686.989376,4700.746406,4709.642616,
Small states,SST,0,0,0,7957.418458,8140.065941,8588.415156,9014.722542,9640.350853,10012.79078,10308.32032,10895.08009,11423.97182,12098.96779,12924.62052,14544.25969,15530.15293,17825.10637,20022.03161,21560.65886,20968.14862,22934.83938,24926.84662,25637.96875,26227.32309,26807.57329,27118.16664,27113.21176,27263.29245,27454.70189,27309.99991,
Sao Tome and Principe,STP,0,0,0,0,0,0,0,0,0,0,0,2301.670262,2325.102685,2537.63989,2618.90531,2862.84845,3233.412384,3258.404677,3601.898752,3577.195735,3870.108851,4030.295817,4112.759414,4346.730902,4752.953891,4932.381907,5154.525758,5355.840624,5435.563355,5488.093593,
Suriname,SUR,10890.91671,11055.15847,10742.14243,9031.458708,9344.56834,9061.408473,8982.996841,9775.082525,9979.18084,9471.536838,9641.596001,10222.62249,10551.17698,11645.241,13392.2965,14287.90546,15624.46936,16867.326,17876.04731,18537.93947,20039.95756,21948.33696,22629.30523,23449.59717,23062.66482,21066.73024,18408.53388,18690.13995,19308.12924,18660.95705,
Slovak Republic,SVK,0,0,6994.389434,7207.653733,8066.134584,8983.633784,10169.27436,11368.15787,12280.81383,12229.82545,12550.75372,13429.85763,14679.05903,16359.39776,18139.55742,20618.02405,24266.7695,29791.27455,33148.62114,29551.54915,32967.95836,34793.86565,36002.87171,36409.20522,38366.52915,42075.69194,43768.46378,46331.73292,49874.59206,52155.90317,
Slovenia,SVN,15653.0614,12974.30203,11629.34965,12358.85631,13742.5283,14888.14406,15876.99854,17568.17601,18821.24572,20852.30575,22279.65467,23661.33306,25286.60836,26773.55954,29121.32069,31266.86349,34741.10928,39318.14046,41993.55684,35250.08731,35889.41558,36358.95698,34320.47627,33526.46998,35338.71063,36862.52431,39142.57705,42961.81808,46236.68993,47872.46922,
Sweden,SWE,26066.17135,25127.26871,24262.11127,23001.37915,24494.15125,26183.64642,26931.43921,28577.95705,31061.05403,33702.9556,36873.71249,37747.2024,39168.20545,40694.55251,43953.71813,46132.25607,49969.32691,52678.44482,51397.73692,46238.85849,51029.50606,53528.16178,52123.28617,52472.03536,54211.75797,57949.81348,58876.21721,60291.94232,61227.1449,61362.22734,
Eswatini,SWZ,3996.513658,3917.772706,3968.028595,4023.801088,4036.19811,4253.096688,4406.886358,4511.97315,4591.479806,4728.518555,4786.740855,4809.72882,5184.397097,5553.662031,5923.054944,6599.662069,7335.592136,7900.386198,7919.571873,8053.59379,8556.566869,8825.786496,9671.722306,10288.77626,10321.5562,10628.55968,10706.22296,10931.82724,11222.4752,11437.42009,
Sint Maarten (Dutch part),SXM,0,0,0,0,0,0,0,0,0,0,0,0,0,0,0,0,0,0,0,0,0,0,0,0,0,0,0,0,0,0,
Seychelles,SYC,11690.2609,12020.06238,13677.22246,14795.17982,13803.85632,13183.46195,14092.2932,17255.47951,19499.61127,19456.95534,19695.91353,18778.5389,18095.76027,16394.68659,15588.39353,18351.68824,21071.11341,25430.7981,23285.47641,22595.51052,23988.93126,29429.5488,29590.0619,32052.65105,33933.31675,35737.07837,38041.13184,40441.09179,42711.01189,46003.20795,
Syrian Arab Republic,SYR,0,0,0,0,0,0,0,0,0,0,0,0,0,0,0,0,0,0,0,0,0,0,0,0,0,0,0,0,0,0,
Turks and Caicos Islands,TCA,0,0,0,0,0,0,0,0,0,0,0,0,0,0,0,0,0,0,0,0,0,0,0,0,0,0,0,0,0,0,
Chad,TCD,622.6823043,688.0565221,752.9440343,501.7179631,570.2401539,546.8556932,534.0214634,556.6618475,593.8071541,545.2154015,497.6291475,575.1790332,626.7543171,763.6341294,1264.387451,1618.136135,1528.115713,1522.81043,1513.2061,1538.213508,1855.35633,1737.526522,1925.618179,2011.934673,2152.445971,2131.370524,1758.904307,1556.52391,1535.581894,1542.033727,
East Asia & Pacific (IDA & IBRD countries),TEA,844.0770977,948.7760858,1118.629935,1324.881477,1565.929421,1830.814193,2111.803972,2341.573377,2317.889895,2539.028003,2864.681824,3183.3533,3620.093529,4186.311746,4862.035855,5717.338832,6846.854318,8404.281823,9680.978393,10984.43147,12990.45821,14981.29009,17038.56878,19241.46109,21592.2053,24142.87688,26923.58949,30121.7829,33648.53309,37203.27957,
Europe & Central Asia (IDA & IBRD countries),TEC,14336.50721,12611.83623,10144.75996,8971.946778,7272.441767,7087.21835,7114.11615,7466.166777,7314.774677,7682.599947,8874.064833,9445.561242,10431.90724,11795.92264,13748.16995,15574.78389,18095.34862,20919.69518,22733.17317,20247.5744,21962.2295,24246.50761,25644.86268,27112.37403,27908.75052,28091.55223,28819.4086,30879.46997,32676.89997,33884.99796,
Togo,TGO,1529.485657,1439.700542,1272.165828,879.6078219,1111.817745,1229.265886,1375.218125,1690.762766,1513.426102,1492.580736,1384.637262,1331.755369,1362.300334,1474.748494,1374.403389,1185.898054,1184.85944,1096.433987,1124.525786,1186.33116,1265.346667,1357.755207,1461.381496,1560.995407,1662.528497,1766.148375,1871.288978,1939.333016,2032.556059,2147.73108,
Thailand,THA,4103.355439,4722.488715,5406.951227,6222.217983,7125.29233,8164.452029,8913.597052,8232.144888,6855.797428,7326.330996,7828.441384,8223.041813,9112.778562,10314.77498,11493.86242,12316.62718,13407.7932,14738.88925,15092.41992,14735.52941,16867.01253,16987.72434,19355.1082,20225.02227,20448.22198,21575.72363,22909.28703,24639.54504,26559.36209,27676.88149,
Tajikistan,TJK,8231.524675,6800.140943,3302.206991,2233.559097,1341.887822,998.9916322,672.8356138,675.396916,727.1152928,758.508753,862.5765475,1002.551657,1190.458919,1413.964329,1660.521255,1818.557224,2004.488878,2236.241532,2498.747283,2584.872572,2807.592539,3096.967132,3418.687567,3764.491915,4088.112752,4378.055435,4761.56423,5248.774569,5753.695047,6281.188792,
Turkmenistan,TKM,9229.687674,7939.180516,5419.489797,5278.677209,3429.541099,2824.711825,3097.736676,2356.619963,2632.120829,3488.639589,3795.216328,4045.727184,3985.949911,4167.687362,4502.265326,5629.076943,6773.307484,8149.621081,10438.49824,11414.51411,13190.56883,16775.79402,19975.75838,23376.49932,27409.50297,29992.77287,32677.13616,35846.48781,39150.96703,0,
Latin America & the Caribbean (IDA & IBRD countries),TLA,8695.815591,8985.749412,9174.356225,9638.198642,10319.20147,10099.93903,10590.28713,11379.61641,11627.51173,11370.54817,11841.48679,11572.09972,11378.95611,11654.71239,12623.09363,13325.08642,14382.0368,15576.86246,16385.86035,15339.45142,17047.85722,18248.83814,18814.73254,19529.53213,19723.39831,19600.03148,19262.86178,19651.09579,19921.51881,19843.80103,
Timor-Leste,TLS,0,0,0,0,0,0,0,0,0,0,2385.636551,3109.76834,2582.41077,2345.183836,2244.948691,2272.551179,2002.954766,2340.785452,2797.995706,3267.132169,3777.879541,4081.522697,4428.154858,4457.188637,4690.113066,4799.866796,4954.533794,4410.147541,4174.054382,4292.010077,
Middle East & North Africa (IDA & IBRD countries),TMN,5326.112699,5006.897803,5218.621444,5247.346565,5191.3238,5255.864521,5672.345061,5824.163705,6353.820998,6670.673643,7061.16031,7164.549429,7402.999188,7594.207833,8454.603311,8913.243585,9611.405749,10485.4089,10944.64991,11171.51174,11916.61079,11487.63428,11621.6015,11613.40243,11758.39919,11766.45391,13099.31148,13470.28563,13887.11943,14333.99749,
Tonga,TON,2842.318688,3206.729579,3212.581472,3445.822637,3781.167853,4047.020432,4022.910844,3983.645372,4167.501472,4455.895538,4713.665226,5006.661591,5297.150349,5460.185929,5354.031724,5449.81786,5277.527857,4764.650942,4986.703866,5166.569783,5533.492171,5893.983292,6096.141232,5831.081997,6164.623151,6663.301332,7071.794531,7332.853179,7206.49307,0,
South Asia (IDA & IBRD),TSA,1139.724374,1134.730827,1215.216509,1267.430683,1365.161117,1496.485799,1638.882662,1695.06164,1815.493241,2025.307803,2113.461411,2223.259054,2301.965677,2558.213113,2858.436255,3198.7629,3588.299983,4001.248,4136.730303,4600.680733,5171.451336,5555.902312,6020.053339,6595.702876,7350.659354,8268.060361,9356.260885,10415.54279,11448.54742,12280.23634,
Sub-Saharan Africa (IDA & IBRD countries),TSS,2633.649092,2511.945289,2360.804796,2198.257403,2127.314862,2160.05279,2267.58641,2306.030101,2300.165802,2284.7895,2312.892851,2390.602111,2556.416793,2635.094824,2837.994902,3037.035443,3249.757571,3501.825704,3691.299902,3738.370149,3952.48489,4131.812391,4291.374979,4504.844748,4700.576772,4749.158462,4659.064611,4686.989376,4700.746406,4709.642616,
Trinidad and Tobago,TTO,4165.265584,4371.21171,5233.363099,5106.151068,5425.30483,5803.027533,6625.168114,7631.536849,8895.867011,10344.17891,11761.22273,12672.45365,14635.08662,18978.13336,21891.15312,24451.56291,31046.42154,33762.58838,35763.40073,32370.81577,34183.5265,33575.30925,33992.53776,35060.16635,33987.86518,34828.95686,30260.6379,28606.56362,28229.92209,28021.949,
Tunisia,TUN,3462.407076,3575.447397,3977.889094,3983.822745,4079.982907,4127.885499,4594.874556,4970.470247,5326.506042,5862.443742,6302.806988,6672.307206,6743.037576,7282.484581,8093.237273,8523.106674,9266.492133,10340.78077,11000.31819,11434.46372,12000.29961,11316.50503,12003.30179,12458.96586,12948.39384,12984.10556,12997.07872,13196.06626,13593.52693,13572.80903,
Turkey,TUR,8892.74745,8721.550112,9311.033615,10448.43807,9197.728442,10369.14386,11582.02046,12985.61475,13171.08263,11918.26025,13148.23968,11284.77216,12411.41294,13449.94118,15727.69347,18201.36311,20366.3889,21937.34516,21782.71805,19283.78507,22069.35342,26424.87648,28084.61396,31955.2856,34159.85161,37184.3381,38318.26243,42871.38824,43998.12272,43590.26686,
Tuvalu,TUV,2156.018648,2256.867252,2339.706629,2490.981412,2991.776981,2673.178872,2351.301948,2845.24215,3788.38654,3659.838723,3552.553989,3600.291495,4093.283861,3723.363798,3519.108678,3173.30722,3232.46457,3584.161941,4104.24259,3669.743655,3402.598699,3857.462151,3497.139244,3741.89699,3763.313338,4380.918811,4547.025871,4802.094893,4924.925798,5792.994825,
Tanzania,TZA,1127.086691,1098.818247,1038.485917,994.3451837,962.3931788,973.6799986,1009.440872,1030.717663,1058.514722,1110.767341,1155.159555,1233.675236,1340.102095,1442.044462,1575.126487,1719.727895,1845.03052,1987.958474,2098.02502,2195.351487,2342.193334,2560.172377,2634.568949,2829.747508,3036.06462,3222.586251,3466.385997,3723.332502,3900.601739,4115.672249,
Uganda,UGA,556.2831805,579.115462,579.4632494,637.1070926,677.0081298,791.6833678,887.1643345,924.4261735,960.1710695,1057.362352,1059.454083,1102.200147,1223.758652,1301.822842,1393.446876,1478.790026,1704.029643,1880.437549,2086.297115,2233.666231,2338.712324,2626.026067,2656.877399,2672.311214,2760.747659,2848.336572,2906.898856,2911.19425,3045.293735,3217.388585,
Ukraine,UKR,22643.43511,18915.07469,15335.32361,11269.99296,6760.064068,5294.224072,4365.092543,4182.662146,4097.81666,4159.124788,4759.232323,5796.151837,6543.754289,7976.806258,10178.81169,10957.55828,12820.86433,15020.13708,15891.42044,11649.82517,12660.54627,14183.9352,14322.29589,14379.9845,14052.59054,11523.72081,12142.10963,12860.85573,13892.35716,14976.28502,
Upper middle income,UMC,3929.810146,3918.595865,3830.128901,3977.486066,4069.323786,4239.863088,4568.286607,4934.883045,4929.258335,5143.211565,5685.435113,5953.873312,6414.106561,7068.86857,8056.115283,9099.392553,10492.09576,12257.27803,13531.71721,13807.81,15804.53965,17599.17338,19194.88126,20871.53774,22384.04405,23714.63818,25347.81421,27451.08795,29609.85443,31556.52939,
Uruguay,URY,7696.962874,8135.52983,9340.734726,9700.092122,11001.45245,10532.48861,11573.82175,13447.61698,14504.54878,13804.81464,13183.49628,12147.37527,10337.9996,10520.17028,11614.72193,13409.6687,14499.97779,16396.40108,18738.67773,20247.97816,23397.05228,25726.81528,27415.89174,29832.62457,31591.06225,31610.17179,32456.44627,33912.02774,34763.28168,34667.47816,
United States,USA,30111.93423,29254.40057,30493.96433,31357.9515,33113.39543,34093.26978,35869.71782,38200.0766,40739.62203,43689.54645,46327.93017,46331.31122,47077.54251,48961.15845,51784.34189,54473.35791,56527.44125,57563.05008,56330.16045,52578.50185,54400.83315,55299.16309,56980.25072,58292.63008,60302.47887,62901.1368,63964.74498,65994.25898,69187.96305,71771.19057,
Uzbekistan,UZB,3428.270775,3252.905609,2447.565175,2232.467112,1929.080905,1827.272882,1818.996801,1938.601028,2042.100918,2174.118564,2280.088408,2412.068142,2544.513361,2700.875412,3047.107667,3405.216308,3836.810466,4469.102152,5144.72216,5807.148253,6353.976931,6995.978478,7832.021765,8786.321172,9758.374547,10879.81061,11827.7259,12479.32898,13401.94544,14384.36444,
St. Vincent and the Grenadines,VCT,3812.008462,3877.99025,4374.232453,4746.734394,4627.306406,5375.8592,5521.166673,5923.96192,6429.586193,6788.327374,7009.31415,7235.931543,8149.317752,9410.922362,10174.4988,10667.01786,12372.81525,13234.48489,13688.71827,13145.77898,12286.15149,12169.61813,12480.89323,12898.10544,13155.22818,13436.61602,13872.19143,14056.44862,14569.35136,14568.92714,
"Venezuela, RB",VEN,0,0,0,0,0,0,0,0,0,0,0,0,0,0,0,0,0,0,0,0,0,0,0,0,0,0,0,0,0,0,
British Virgin Islands,VGB,0,0,0,0,0,0,0,0,0,0,0,0,0,0,0,0,0,0,0,0,0,0,0,0,0,0,0,0,0,0,
Virgin Islands (U.S.),VIR,0,0,0,0,0,0,0,0,0,0,0,0,0,0,0,0,0,0,0,0,0,0,0,0,0,0,0,0,0,0,
Vietnam,VNM,712.0883475,766.5119283,868.236479,974.7204052,1112.677791,1290.605845,1496.319603,1702.251694,1856.561489,1990.862394,2220.865903,2453.102018,2719.41064,3049.911797,3462.598582,3931.765415,4416.537197,4974.001366,5447.594573,5934.190759,6587.907496,7285.283641,7903.470459,8600.616895,9459.255981,10542.64203,11649.85683,13023.33506,14638.01381,16445.67914,
Vanuatu,VUT,2741.058057,2757.75709,2738.333509,2622.703776,2954.812432,2872.164939,2883.934569,3059.242987,3214.416403,3119.99478,3361.572665,2992.147949,2565.057373,2650.507399,2722.667695,2872.182688,3220.537197,3398.68454,3673.895152,3734.812479,3665.156532,3558.621335,3485.177264,3425.060797,3390.384458,3222.156074,3273.584435,3391.62094,3410.71126,3440.72637,
World,WLD,7486.801819,7433.316274,7436.697746,7453.596836,7649.56687,7898.390351,8260.11498,8660.204916,8847.560137,9227.690249,9847.66671,10048.00522,10337.51775,10851.7463,11686.1392,12467.41443,13451.03148,14520.36955,14934.26308,14380.05697,15491.12122,16330.95432,16976.40389,17689.69781,18485.81039,19293.30372,20094.87283,21154.62833,22203.78757,23028.02168,
Samoa,WSM,2778.360201,2613.548675,2556.348374,2716.522269,2532.210264,2835.564874,3215.159619,3222.575021,3335.631932,3452.193424,3908.281485,4421.876029,4759.150346,5135.750261,5552.377512,5947.566125,6105.745906,6813.807786,6859.989869,6129.35992,6095.870715,6508.458493,5885.027117,5736.564952,5655.987338,6067.73743,7010.266993,7093.668367,6735.650784,7141.026589,
Kosovo,XKX,0,0,0,0,0,0,0,0,0,0,3254.447744,5239.826708,5159.612509,5787.306344,6085.336676,6832.485731,7342.771344,8317.058185,9249.27079,9768.136111,10259.32333,10986.32119,11406.41394,12057.18657,12426.67718,13837.95891,15167.50796,16229.97083,17373.94829,18913.41658,
"Yemen, Rep.",YEM,0,0,0,0,0,0,0,0,0,0,0,0,0,0,0,0,0,0,0,0,0,0,0,0,0,0,0,0,0,0,
South Africa,ZAF,9271.314532,8646.499029,7877.513057,7686.247684,7814.861731,7961.058695,8333.384142,8470.346174,8285.270308,8432.452952,8901.244385,9141.358275,9585.023713,9913.066001,10575.87762,11434.91381,12434.16072,13450.9868,13946.01354,13149.21706,13560.28832,14030.97096,14202.09187,14445.32262,14516.85139,14417.81931,14113.53383,14112.64781,13951.63835,13624.55853,
Zambia,ZMB,2030.093438,1926.715306,1771.557281,1925.946149,1531.638243,1541.807621,1650.140179,1684.129827,1581.322748,1639.459614,1677.398031,1765.613722,1831.319642,1989.78934,2164.964815,2362.906718,2609.646989,2904.460666,3194.562007,3602.316374,4134.304358,4337.157232,4719.108486,4891.498768,5037.385245,5018.408615,5089.552934,5139.95731,5248.275369,5123.71732,
Zimbabwe,ZWE,4746.7589,5043.2501,4008.437237,3952.515264,4575.80138,4471.202464,5323.234896,5505.060034,5734.588256,5569.215945,5182.045478,5294.434758,4372.234333,2998.3606,2643.555614,2328.176129,2141.748347,1955.667065,1299.285524,1592.245516,2219.522187,2806.728982,3692.63341,3706.863814,3751.196074,3758.736464,3699.317027,3938.823002,4208.051338,3454.465483,
